seqid,seq,label
Pr_WHOIUIS_800_1189_1,MDAIKKKMQAMKLEKDNAMDRADTLEQQNKEANIRAEKAEDDVNKLQKKLQQLENDFDQVQEALLLANTNAVEKDKALSNAEGEVAALNRRIQLLEEDLERSEERLNTATTKLAEASQAADESERMRKVLENRSLSDEERMDALENQLKEARFLAEEADRKYDEVARKLAMVEADLERAEERAETGESKIVELEEELRVVGNNLKSLEVSEEKANQREEAYKEQIKTLTNKLKAAEARAEFAERSVQKLQKEVDRLEDELVNEKEKYKSITDELDQTFSELSGY,1
Pr_WHOIUIS_692_1039_2,SRKSGSRSSSKRSKKSGGGSNVFDMFTQRQVAEFKEGFQLMDRDKDGVIGKTDLRGTFDEIGRIATDQELDEMLADAPAPINFTMLLNMFAERQTGESDDDDVVAKAFLAFADEGGNIDCDTFRHALMTWGDKFSSQEADDALDQMDIDDAGKIDVQSVIQMLTAGGGDDAAAEEA,1
Pr_WHOIUIS_638_976_0,GPKCPFNSDTVSIIIETRENRNRDLYTLQTLQNHPEFKKKTITRPVVFITHGFTSSASEKNFINLAKALVDKDNYMVISIDWQTAACTNEYPGLKYAYYPTAASNTRLVGQYIATITQKLVKDYKISMANIRLIGHSLGAHVSGFAGKRVQELKLGKYSEIIGLDPARPSFDSNHCSERLCETDAEYVQIIHTSNYLGTEKILGTVDFYMNNGKNNPGCGRFFSEVCSHTRAVIYMAECIKHECCLIGIPRSKSSQPISRCTKQECVCVGLNAKKYPSRGSFYVPVESTAPFCNNKGKII,1
Pr_WHOIUIS_731_1092_1,MIRWLLLMYLGITCQGVTDIHSRNLTNSLKVIYEWKYIDYDFGSDEKRQAAIQSGDYNYTMNYLLDTDQWGDKTFVIIMKFNGVPSSLNVITNKTGNGGPLLAPYPDWTWAKNENCSGITSAYKIEIDMCDRLWVLDSGLINNVRSVCPPQLLVFDLNTSQLLKQVKIPHDIAVNTTTEKGALVTLSVQLLSCEVNGSTLVYIGDNEGFALIIYNNSDNSFQRLTSSTFASDPRYTTFTINGESFTLQSGIFGMALSPLTQNLYYSALSSHNLNYVNTEQFVKSQYQANNVHYQGKENILWTQASAKGISDNGVLFFGLVGDTSLACWNENRLLDRRNIEVVAKNKETLQAITGLKVKRRISFILVHGFPLEYEYVLAVSNRIQKVIYGFDFNDVNFRILIANVNDLIKNTRCISP,1
Pr_WHOIUIS_826_1226_1,MEAIKKKMQAMKLEKDNAIDRAEIAEQKSRDANLKAEKSEEEVRGLQKKIQQIENELDQVQESFTQANTKLEEKEKALQTAEGDVAALNRRIQLIEEDLERSEERLKVATAKLEEASHAADESERMRKMLEHRSITDEERMDGLENQLKEARMMAEDADRKYDEVARKLAMVEADLERAEERAETGESKIVELEEELRVVGNNLKSLEVSEEKAQQREEAYEQQIRIMTAKLKEAEARAEFAERSVQKLQKEVDRLEDELVHEKEKYKSISDELDQTFAELTGY,1
Pr_WHOIUIS_529_842_1,MAVQKYTVALFLTVALVAGPAASYAADAGYAPATPAAAGAAAGKITPTQEQKLMEDINVGFKAAVAAAAGAPPADKFKTFQAAFSASVEASAAKLNAAQAPGFVSHVAATSDATYKAAVGATPEAKFDSFVAAFTEALRIIAGVLKVHAVKPITEETGAAKIPAGEQQIIDKIDAAFKVAATAANAAPANDKFTVFEAAFNNAIKESTGGAYDTYKSIPSLEAAVKQAYAATIAAAPEVKFAVFKAALTKAITAMAEVQKVSKPVAGAATVAAGAATAATGAATGAAGAATGAATVSAGGYKV,1
Pr_WHOIUIS_501_789_0,MAVQKYTMALFLAVALVAGPAAPTPPTPRTPPLLPPPRARDKATLTSRSVEDINAASRRPWWASVPPADKFKTFADHVLCVPNADVTSAATKAPQLKAKLDAAYRVAYEAAEGSTPEAKYDAFIAALTEALRVIAGAFEVHAVKPATEEVVADPVGELQIVDKIDAAFKIAATAANSAPANDKFTVFEGAFNKAIKESTAGAYETYKFIPSLEAAVKQAYGATVARAPEVKYAVFEAGLTKAITAMSEAQKVAKPPLSPQPPQVLPLAAGGAATVAAASDVRVCRSHGTLQDACLLRCRGGCQPVVWRGGSHRARGGYKV,1
Pr_WHOIUIS_1011_1452_1,MAPKKDVKKPAAAAAPAPAPAPAPAPAPAPPKEEKIDLSAIKIEFSKQQQDEFKEAFLLFDRTGECKITLSQVGDVLRALGTNPTNAEVKKVLGNPSNEEMNAKKIEFEQFLPMLQAISNNKDQGTYEDFVEGLRVFDKEGNGTVMGAELRHVLATLGEKMKEEEVEALMAGQEDSNGCINYEAFVKHIMSN,1
Pr_WHOIUIS_911_1335_2,IPHNGVRRGLVGETIFDVMKYGAKADGRFDNAQAFIKAWKAACESTGPAKVVIPKGDFVAGEVVFQGPCTAPKPITIEIQGNVLASTDVSAYTSGSWIMLEEIDGLVINGGGTINGRGKSSWQFAGANNEGPLLPVSLTFKKVKNSEMHDVNFVDSMGFHSKVADSENIKISKLKISAPGDSPNTDGMHISCSTNVNVTDSIIGTGDDCVSIGHGTTDILVSGITCGPGHGISVGSLGKRPDETDVKGISVINCTLTGTTNGARIKTYHASPSIQASDILYKDIIVTDVKNPILIDQHYDSKKKPEQSKVKISGVHFVNIKGTTVSEIPVALNCSEAVPCEDVELADIDLAPSGAAGSLKSVCANAKFVLKGKPIPPGC,1
Pr_WHOIUIS_467_742_1,MKLEKDNAMDRADTLEQQNKEANIRAEKAEEEVHNLQKRMQQLENDLDQVQESLLKANTQLEEKDKALSNAEGEVAALNRRIQLLEEDLERSEERLNTATTKLAEASQAADESERMRKVLENRSLSDEERMDALENQLKEARFLAEEADRKYDEVARKLAMVEADLERAEERAETGESKFVELEEELRVVGNNLKSLEVSEEKANQREEAYKEQIKTLTNKLKAAEARAEFAERSVQKLQKEVDRLEDELVNEKEKYKSITDELDQTFSELSGY,1
Pr_WHOIUIS_533_848_8,ADDLTTLRNGTLDRGITPDCTFNEKDIELHVYSRDKRNGIILKKEILKNYDLFQKSQISHQIAILIHGFLSTGNNENFDAMAKALIEIDNFLVISVDWKKGACNAFASTNDVLGYSQAVGNTRHVGKYVADFTKLLVEQYKVPMSNIRLIGHSLGAHTSGFAGKEVQRLKLGKYKEIIGLDPAGPSFLTSKCPDRLCETDAEYVQAIHTSAILGVYYNVGSVDFYVNYGKSQPGCSEPSCSHTKAVKYLTECIKRECCLIGTPWKSYFSTPKPISQCKRDTCVCVGLNAQSYPAKGSFYVPVDKDAPYCHNEGIKL,1
Pr_WHOIUIS_145_204_2,MEAIKKKMQAMKLEKDNAIDRAEIAEQKSRDANLRAEKSEEEVRALQKKIQQIENELDQVQESLTQANTKLEEKEKSLQTAEGDVAALNRRIQLIEEDLERSEERLKVATAKLEEASHSADESERMRKMLEHRSITDEERMDGLESQLKEARMMAEDADRKYDEVARKLAMVEADLERAEERAETGETKIVELEEELRVVGNNLKSLEVSEEKAQQREEAYEQQIRMMTGKLKEAEARAEFAERSVRKLQKEVDRLEDELVHEKEKYKSISDELDQTFAELTGY,1
Pr_WHOIUIS_493_775_7,MKLPIMILAVLGVAFGKSLPNRNLQDDLNDFLALLPVDEITAIVMDYLANDAEVQEAVAYLQGEEFHKIVFTVEGLQEFGNFVQFLEDHGLDAVGYINRLHSVFGWDPYVPSSKRKHTRRGVGVDGLIDDIIAILPIDDLKALFQEKLETSPDFKAFYDAVRSPEFQSIVQTLNAMPEYQDLLQKLRDKGVDVDHYIELIRALFGLTRAARNLQDDLNDFLALIPTDQILAIAMDYLANDAEVQELVAYLQSDDFHKIINTIEALPEFANFYNFLKGHGLDVADYINEIHSIIGLPPFVPPSRRHARRGVGINGLIDDVIAILPVDELKALFQEKLETSPDFKALYDAIRSPEFQSIISTLNAMPEYQELLQNLRDKAVDVDHFIELIRSLFGLP,1
Pr_WHOIUIS_509_807_16,ADLGYGGPATPAAPAEAAPAGKATTEEQKLIEKINDGFKAALAAAAGVPPADKYKTFVATFGAASNKAFAEGLSAEPKGAAESSSKAALTSKLDAAYKLAYKTAEGATPEAKYDAYVATLSEALRIIAGTLEVHAVKPAAEEVKVIPAGELQVIEKVDSAFKVAATAANAAPANDKFTVFEAAFNNAIKASTGGAYESYKFIPALEAAVKQAYAATVATAPEVKYTVFETALKKAITAMSEAQKAAKPATEATATATAAVGAATGAATAATGGYKV,1
Pr_WHOIUIS_305_493_1,RLIMFVGDPSSSNELDRFSVCPFSNDTVKMIFLTRENRKHDFYTLDTMNRHNEFKKSIIKRPVVFITHGFTSSATEKNFVAMSEALMHTGDFLIIMVDWRMAACTDEYPGLKYMFYKAAVGNTRLVGNFIAMIAKKLVEQYKVPMTNIRLVGHSLGAHISGFAGKRVQELKLGKFSEIIGLDPAGPSFKKNDCSERICETDAHYVQILHTSSNLGTERTLGTVDFYINNGSNQPGCRYIIGETCSHTRAVKYFTECIRRECCLIGVPQSKNPQPVSKCTRNECVCVGLNAKKYPKRGSFYVPVEAEAPYCNNNGKII,1
Pr_WHOIUIS_589_919_2,MAEHYGQQQQTRAPHLQLQPRAQRVVKAATAVTAGGSLLVLSGLTLAGTVIALTIATPLLVIFSPVLVPAVITIFLLGAGFLASGGFGVAALSVLSWIYRYLTGKHPPGADQLESAKTKLASKAREMKDRAEQFSQQPVAGSQTS,1
Pr_WHOIUIS_225_314_1,DSKRDESDSFKRRMESLHDPTSTNLYMEGLPLSIDEPTLAALVSPHRISSSRFFQTRLSHPPRIIAFVRLETRAGAEEIIERLHGRMVRGWNDTGSRISVRFADTAEQRELRRTERAAKEGDLTSSKLTIAQAALLNLRGQELRQATIGTLPVIGERRNLNVTDASYNELPSNALQLPLSQMSRPFEVDYTLAPGRAVPHITVPTSTNNPISQTYNRPLPRNVEPTLPLAMDQMRSNSTTFRNAQAAYDSYLHQSVTLPNQQYASEDYSVRPGPANAHTGYTATEEFIMRAHVDARRRHGPLDVTAPVRSRRDCDPEATAANISTGVR,1
Pr_WHOIUIS_509_812_31,AVPRRGPRGGPGRSYAADAGYAPATPAAAGAEAGKATTEEQKLIEDINVGFKAAVAAAASVPAGDKFKTFEAAFTSSSKAATAKAPGLVPKLDAAYSVAYKAAVGATPEAKFDSFVASLTEALRVIAGALEVHAVKPVTEEPGMAKIPAGELQIIDKIDAAFKVAATAAATAPADDKFTVFEAAFNKAIKESTGGAYDTYKCIPSLEAAVKQAYAATVAAAPQVKYAVFEAALTKAITAMSEVQKVSQPATGAATVAAGAATTATGAASGAATVAAGGYKV,1
Pr_WHOIUIS_293_465_1,MYKILCLSLLVAAVARDQVDVKDCANHEIKKVLVPGCHGSEPCIIHRGKPFQLEAVFEANQNTKTAKIEIKASIDGLEVDVPGIDPNACHYMKCPLVKGQQYDIKYTWNVPKIAPKSENVVVTVKVMGDDGVLACAIATHAKIRD,1
Pr_WHOIUIS_293_468_5,MMYKILCLSLLVAAVARDQVDVKDCANHEIKKVLVPGCHGSEPCIIHRGKPFQLEAVFEANQNTKTAKIEIKASIDGLEVDVPGIDPNACHYMKCPLVKGQQYDIKYTWNVPKIAPKSENVVVTVKVMGDDGVLACAIATHAKIRD,1
Pr_WHOIUIS_201_1118_11,MKFFIVLALCIVGAIADPVSSDQANAIRASWAGVKHNEVDILAAVFSDHPDIQARFPQFAGKDLASIKDTGAFATHAGRIVGFISEIVALVGNESNAPAMATLINELSTSHHNRGITKGQFNEFRSSLVSYLSSHASWNDATADAWTHGLDNIFGMIFAHL,1
Pr_WHOIUIS_419_654_2,AVVCGRRYDVRIRVRSGGHDYEGLSYRSLQPENFAVVDLNQMRAVLVDGKARTAWVDSGAQLGELYYAISKYSRTLAFPAGVCPTIGVGGNLAGGGFGMLLRKYGIAAENVIDVKLVDANGKLHDKKSMGDDHFWAVRGGGGESFGIVVSWQVKLLPVPPTVTIFKIPKSVSEGAVDIINKWQLVAPQLPADLMIRIIAMGPKATFEAMYLGTCKTLTPMMQSKFPELGMNASHCNEMSWIESIPFVHLGHRDSLEGDLLNRNNTFKPFAEYKSDYVYEPFPKSVWEQIFGTWLVKPGAGIMIFDPYGATISATPEAATPFPHRKGVLFNIQYVNYWFAPGAGAAPLSWSKEIYNYMEPYVSKNPRQAYANYRDIDLGRNEVVNGVSTYSSGKVWGQKYFKGNFERLAITKGKVDPTDYFRNE,1
Pr_WHOIUIS_219_306_2,MAPKIAIIFYSTWGHVQTLAEAEAKGIREAGGSVDLYRVPETLTQEVLTKMHAPPKDDSIPEITDPFILEQYDRFPHGHPTRYGNFPAQWRTFWDRTGGQWQTGAFWGKYAGLFISTGTQGGGQESTALAAMSTLSHHGIIYVPLGYKTTFHLLGDNSEVRGAAVWGAGTFSGGDGSRQPSQKELELTAQGKAFYEAVAKVNFQ,1
Pr_WHOIUIS_731_1093_5,MSFNIWWLILYFSIVCQAKAHYSLRDFKANIFQVKYQWKYFDYNFGSDEKRQAAIQSGEYNYKNNVPIDVDRWNGKTFVTILRNDGVPSSLNVISNKIGNGGPLLEPYPNWSWAKNQNCSGITSVYRIAIDEWDRLWVLDNGISGETSVCPSQIVVFDLKNSKLLKQVKIPHDIAINSTTGKRNVVTPIVQSFDYNNTWVYIADVEGYALIIYNNADDSFQRLTSSTFVYDPRYTKYTINDESFSLQDGILGMALSHKTQNLYYSAMSSHNLNYVNTKQFTQGKFQANDIQYQGASDILWTQASAKAISETGALFFGLVSDTALGCWNENRPLKRRNIEIVAKNNDTLQFISGIKIIKQISSNIYERQNNEYIWIVSNKYQKIANGDLNFNEVNFRILNAPVNQLIRYTRCENPKTNFFSIFL,1
Pr_WHOIUIS_692_1039_1,MSRKSGSRSSSKRSKKSGGGSNVFDMFTQRQVAEFKEGFQLMDRDKDGVIGKTDLRGTFDEIGRIATDQELDEMLADAPAPINFTMLLNMFAERQTGESDDDDVVAKAFLAFADEGGNIDCDTFRHALMTWGDKFSSQEADDALDQMDIDDAGKIDVQSVIQMLTAGGGDDAAAEEA,1
Pr_WHOIUIS_889_1321_0,DVAIVFNVEHTLSAVFLVPANKKVDGIIAAYPDPVKIWMHFARTVCNDKGRPTAIKIDFSKSELTLMNSPEFHLVFGECDGVKIQGIKIKRFEIEKDLTCGPGHGMSIGSLGKGNSRSEVSFVHLDGAKFIDTQNGLRSAVKIEDVTFKNANGYYTNPLNPPCK,1
Pr_WHOIUIS_255_363_5,MARVSELALLLVATLAISLHMQEAGAVKFDIKNQCGYTVWAAGLPGGGKRLDQGQTWTVNLAAGTASARFWGRTGCTFDASGKGSCRSGDCGGQLSCTVSGAVPATLAEYTQSDKDYYDVSLVDGFNIPLAINPTNTKCTAPACKADINAVCPSELKVDGGCNSACNVLQTDQYCCRNAYVDNCPATNYSKIFKNQCPQAYSYAKDDTATFACASGTDYSIVFCP,1
Pr_WHOIUIS_929_1355_1,MDAIKKKMQATKLEKDNAMDRADTLEQQNKEANIRAEKAEEEVHNLQKRMQHLENDLDQVQESLLKANTQLEEKDKAISNAEGEVAALNRRIQLLEEDLERSEERLNTATTKLAEASQAADESERMRKVLENRSLSDEERMDALENQLKEARFLAEEADRKYDEVARKLAMVEADLERAEERAETGESKIVELEEELRVVGNNLKSLEVSEEKANQREEAYKEQIKTLANKLKAAEARAEFAERSVQKLQKEVDRLEDELVNEKEKYKSITDELDQTFSELTGY,1
Pr_WHOIUIS_893_1312_1,MKFYNILTVATIVILVAFFDNVHADSQAQEQCRQLHHVDIDPSGTKFLNNNCRLNCNIHGQIYGHNINEGRTCMIGQTNYVCQNGECVGHNRQHVGHIDIELISASLYEKANAYATVCIMNNSLPISLPIQDRRNCISCSTHVKENTNYPVWNEVCVGSSNYLFVSDSRVTTEVWDHHGSNNNVFLGGVTLTIDQLVNHGDNHRQINLAMAGGHNPGQLSTRITWTQRT,1
Pr_WHOIUIS_632_970_1,MDAIKNKMQAMKLEEDNAIDRAEIAEQKARDANLKSEKTEEEVRALQKKIQQIENELDQVQENLTQATTKLEEKEKALQTAEADVAALNRRIQLIEEDLERSEERLKVATAKLEEASHSADESERMRKMLEHRSITDEERMDGLESQLKEARLMAEDADRKYDEVARKLAMVEADLERAEERAETGESKIVELEEELRVVGNNLKSLEVSEEKAQQREEAYEQQIRIMTSKLKEAEARAEFAERSVQKLQKEVDRLEDELVHEKEKYESISDELDQTFAELTGY,1
Pr_WHOIUIS_371_593_1,MSRKSGSRSSSKRGSKKSGGGSNVFDMFTQRQVAEFKEGFQLMDRDKDGVIGKNDLRGTFDEIGRIATDQELDEMLADAPAPINFTMLLNMFAERQTGESDDDDVVAKAFIAFSDEEGLIDCDTFRHALMTWGDKFSAQEADDAIDQMDVGDDGKIDVQTIIQMLTAGAGDDAAAGEGEEA,1
Pr_WHOIUIS_509_802_1,MAVHQYTVALFLAVALVAGPAASYAADLGYGPATPAAPAAGYTPATPAAPAEAAPAGKATTEEQKLIEKINAGFKAALAAAAGVQPADKYRTFVATFGAASNKAFAEGLSGEPKGAAESSSKAALTSKLDAAYKLAYKTAEGATPEAKYDAYVATLSEALRIIAGTLEVHAVKPAAEEVKVIPAGELQVIEKVDAAFKVAATAANAAPANDKFTVFEAAFNDAIKASTGGAYESYKFIPALEAAVKQAYAATVATAPEVKYTVFETALKKAITAMSEAQKAAKPAAAATATATAAVGAATGAATAATGGYKV,1
Pr_WHOIUIS_731_1092_2,MIRWLLLMYLGIAVRCYRHSFENLTNSLKVIYEWKYIDYDFGSDEKRQAAIQSGDYNYTMNYLLDTDQWGDKTFVIIMKFNGVPSSLNVITNKTGNGGPLLAPYPDWTWAKNENCSGITSAYKIEIDMCDRLWVLDSGLINNVRSVCPPQLFVFDLNTSQLLKQVKIPHDIAVNTTTGKGALVTLSVQLLSCEVNGSTLVYIGDNEGFALIIYNNSDNSFQRLTSSTFASDPRYTTFTINGESFTLQSGIFGMALSPLTQNLYYSALSSHNLNYVNTEQFVKSQYQANNVHYQGKENILWTQASAKGISDNGVLFFGLVGDTSLACWNENRLLDRRNIEVVAKNKETLQAITGLKVKRRISFILVHGFPLEYEYVLAVSNRIQKVIYGFDFNDVNFRILIANVNDLIKNTRCISP,1
Pr_WHOIUIS_194_277_1,MGMKFMAAVAFLALQLIVMAAAEDQSAQIMLDSDIEQYLRSNRSLKKLVHSRHDAATVFNVEQYGAVGDGKHDSTEAFATTWNAACKKASAVLLVPANKKFFVNNLVFRGPCQPHLSFKVDGTIVAQPDPARWKNSKIWLQFAQLTDFNLMGTGVIDGQGQQWWAGQCKVVNGRTVCNDRNRPTAIKIDYSKSVTVKELTLMNSPEFHLVFGECEGVKIQGLKIKAPRDSPNTDGIDIFASKRFHIEKCVIGTGDDCIAIGTGSSNITIKDLICGPGHGISIGSLGRDNSRAEVSHVHVNRAKFIDTQNGLRIKTWQGGSGLASYITYENVEMINSENPILINQFYCTSASACQNQRSAVQIQGVTYKNIHGTSATAAAIQLMCSDSVPCTGIQLSNVSLKLTSGKPASCVDKNARGFYSGRLIPTCKNLRPGPSPKEFELQQQPTTVMDENKGACAKGDSTCISLSSSPPNCKNKCKGCQPCKPKLIIVHPNKPQDYYPQKWVCSCHNKIYNP,1
Pr_WHOIUIS_634_972_2,MKFLILFALVAVAAAGQVKFTDCGKKEIASVAVDGCEGDLCVIHKSKPVHVIAEFTANQDTCKIEVKVTGQLNGLEVPIPGIETDGCKVLKCPLKKGTKYTMNYSVNVPSVVPNIKTVVKLLATGEHGVLACGAVNTDVKP,1
Pr_WHOIUIS_918_1343_1,MIKSFLLFSIYIGSIWTLPVSELAGMHQMDEGMINVGDNKPTNLTICKDKKDGALIGDEHDRTLFYECSNGLAFPFHCPPGLIFDDTRGTCTFDPDASTKKPPYHGNSKFNCTGKEDDFYPDEKDATKFHECVNGYPYDFECPPNTVFDAKRKACAFRSAEQSLEENEQSQPQPQSQKQHRQARDVTESTTTVVTEQSTDQSVRRHRRNDEQQQKHHHQLEEIAKEKNIDLHIIETTTPENFDVWID,1
Pr_WHOIUIS_493_776_11,VGVDGLIDDIIAILPIDDLKALFQEKLETSLDFKAFYDAVRSPEFQSIVQTLNAMPEYQDLLQKLRDKGVDVDHYIELIRALFGLTREARNLQDDLNDFLALIPTDQILAIAMDYLANDAEVQELVAYLQSDDFHKIINTIEALPEFANFYNFLKGHGLDVANYINEIHSIIGLPPFVPPSRRHARRGVGINGLIDDVIAILPVDELKTLFQEKLETSPDFKALYDAIRSPEFQSIISTLNAMPEYQELLQNLRDKGVDVDHFIELIRSWFGLP,1
Pr_WHOIUIS_533_847_5,ADDLTTLRNGTLDRGITPDCTFNEKDIELHVYSRDKRNGIILKKEILKNYDLFQKSQISHQIAILIHGFLSTGNNENFDAMAKALIEIDNFLVISVDWKKGACNAFASTNDVLGYSQAVGNTRHVGKYVADFTKLLVEQYKVPMSNIRLIGHSLGAHTSGFAGKEVQRLKLGKYKEIIGLDPAGPSFLTNKCPNRLCETDAEYVQAIHTSAILGVYYNVGSVDFYVNYGKSQPGCSEPSCSHTKAVKYLTECIKRECCLIGTPWKSYFSTPKPISQCKRDTCVCVGLNAQSYPAKGSFYVPVEKDAPYCHNEGIKL,1
Pr_WHOIUIS_520_831_2,MKLSFSLCIFFFNLLLLLQAVISADIVQGTCKKVAQRSPNVNYDFCVKSLGADPKSHTADLQGLGVISANLAIQHGSKIQTFIGRILKSKVDPALKKYLNDCVGLYADAKSSVQEAIADFKSKDYASANVKMSAALDDSVTCEDGFKEKKGIVSPVTKENKDYVQLTAISLAITKLLGA,1
Pr_WHOIUIS_531_844_2,YVSLSPDSVFNIITDDISHQILSRSNCERSKRPKRVFSIYWNVPTFMCHQYGMNFDEVTDFNIKHNSKDNFRGETISIYYDPGKFPALMPLKNGNYEERNGGVPQRGNITIHLQQFNEDLDKMTPDKNFGGIGVIDFERWKPIFRQNWGNTEIHKKYSIELVRKEHPKWSESMIEAEATKKFEKYARYFMEETLKLAKKTRKRAKWGYYGFPYCYNVTPNNPGPDCDAKATIENDRLSWMYNNQEILFPSVYVRHEQKPEERVYLVQGRIKEAVRISNNLEHSPSVLAYWWYVYQDKMDIYLSETDVEKTFQEIVTNGGDGIIIWGSSSDVNSLSKCKRLREYLLNTLGPFAVNVTETVNGRSSLNF,1
Pr_WHOIUIS_376_598_2,MFRLNSLSALAELAVGSRWYHGGSQPIQIRRRLMMVAFLGASAVTASTGLLWKRAHAESPPCVDNLKSDIGDKGKNKDEGDVCNHEKKTADLAPHPEEKKKKRSGFRDRKVMEYENRIRAYSTPDKIFRYFATLKVISEPGEAEVFMTPEDFVRSITPNEKQPEHLGLDQYIIKRFDGKKISQEREKFADEGSIFYTLGECGLISFSDYIFLTTVLSTPQRNFEIAFKMFDLNGDGEVDMEEFEQVQSIIRSQTSMGMRHRDRPTTGNTLKSGLCSALTTYFFGADLKGKLTIKNFLEFQRKLQHDVLKLEFERHDPVDGRITERQFGGMLLAYSGVQSKKLTAMQRQLKKHFKEGKGLTFQEVENFFTFLKNINDVDTALSFYHMAGASLDKVTMQQVARTVAKVELSDHVCDVVFALFDCDGNGELSNKEFVSIMKQRLMRGLEKPKDMGFTRLMQAMWKCAQETAWDFALPKQ,1
Pr_WHOIUIS_910_1334_0,MRSTLIISLLSCFFAVYEAKVFSKCELAHKLKAQEMDGFGGYSLANWVCMAEYESNFNTRAFNGKNANGSSDYGLFQLNNKWWCKDNKRSSSNACNIMCSKLLDDNIDDDISCAKRVVRDPKGMSAWKAWVKHCKDKDLSEYLASCNL,1
Pr_WHOIUIS_290_462_1,MEAIKNKMQAMKLEKDNAIDRAEIAEQKARDANLRAEKSEEEVRALQKKIQQIENELDQVQEQLSAANTKLEEKEKALQTAEGDVAALNRRIQLIEEDLERSEERLKIATAKLEEASQSADESERMRKMLEHRSITDEERMEGLENQLKEARMMAEDADRKYDEVARKLAMVEADLERAEERAETGESKIVELEEELRVVGNNLKSLEVSEEKAQQREEAHEQQIRIMTTKLKEAEARAEFAERSVQKLQKEVGRLEDELVHEKEKYKSISDELDQTFAELTGY,1
Pr_WHOIUIS_370_591_1,MDAIKKKMQAMKLEKDNAMDRADTLEQQNKEANIRAEKTEEEIRITHKKMQQVENELDQVQEQLSLANTKLEEKEKALQNAEGEVAALNRRIQLLEEDLERSEERLNTATTKLAEASQAADESERMRKVLENRSLSDEERMDALENQLKEARFLAEEADRKYDEVARKLAMVEADLERAEERAETGESKIVELEEELRVVGNNLKSLEVSEEKANQREEAYKEQIKTLANKLKAAEARAEFAERSVQKLQKEVDRLEDELVNEKEKYKSITDELDQTFSELSGY,1
Pr_WHOIUIS_892_1310_1,MDAIKKKMLAMKMEKENAVDRAEQNEQKLRDTEEQKAKIEEDLNNLQKKCANLENDFDNVNEQLQEAMTKLETSEKRVTEMEQEVSGTTRKITLLEEDLERNEERLQTATERLEEASKAADESERGRKVLESRSLADDERIDQLEAQLKEAKYIAEDAERKYDEAARKLAITEVDLERAEARLEAAEAKILELEEELKVVGNNMKSLEISEQEASQREDSYEETIRDLTQRLKDAENRATEAERTVSKLQKEVDRLEDELLAEKEKYKAISDELDQTFAELAGY,1
Pr_WHOIUIS_231_329_1,MADRPQQLQVHPQRGHGHYEGGIKNQRGGGPSAVKVMAVLAALPVGGTLLALAGLTLAGSVIGLLVTSPLFIIFSPVLVPAAIVVGLAVASFLSSGALGLTGLSSLSWVLNYLRCASQSLPREMDQAKRRMQDMAAFVGQKTREVGQEIQSRAQEGRRT,1
Pr_WHOIUIS_509_811_29,AAAAVPRRGPRGGPGRSYTADAGYAPATPAAAGAAAGKATTEEQKLIEDINVGFKAAVAAAASVPAADKFKTFEAAFTSSSKAAAAKAPGLVPKLDAAYSVAYKAAVGATPEAKFDSFVASLTEALRVIAGALEVHAVKPVTEEPGMAKIPAGELQIIDKIDAAFKVAATAAATAPADDKFTVFEAAFNKAIKESTGGAYDTYKCIPSLEAAVKQAYAATVAAAPQVKYAVFEAALTKAITAMSEVQKVSQPATGAATVAAGAATTAAGAASGAATVAAGGYKV,1
Pr_WHOIUIS_201_1120_16,MKFFAVLALCIVGAIASPLTADEASLVQSSWKAVSHNEVDILAAVFAAYPDIQAKFPQFAGKDLASIKDTGAFATHATRIVSFLSEVIALSGNASNAAAVEGLLNKLGSDHKARGVSAAQFGEFRTALVSYLSNHVSWGDNVAAAWNKALDNTMAVAVAHL,1
Pr_WHOIUIS_95_112_1,MDAIKKKMQAMKIEKDNALDRADAAEEKVRQMTDKLERIEEELRDTQKKMMQTENDLDKAQEDLSVANSNLEEKEKKVQEAEAEVAALNRRMTLLEEELERAEERLKLATEKLEEATHTADESERVRKVMENRSFQDEERANTVESQLKEAQMLAEEADRKYDEVARKLAMVEADLERAEERAEAGENKIVELEEELRVVGNNLKSLEVSEEKALQREDSYEEQIRTVSARLKEAETRAEFAERSVQKLQKEVDRLEDELVHEKERYKSISEELDQTFQELSGYRSD,1
Pr_WHOIUIS_443_712_1,MKLEKDNAMDRADTLEQQNKEANNRAEKSEEEVHNLQKRMQQLENDLDQVQESLLKANNQLVEKDKALSNAEGEVAALNRRIQLLEEDLERSEERLNTATTKLAEASQAADESERMRKVLENRSLSDEERMDALENQLKEARFLAEEADRKYDEVARKLAMVEADLERAEERAETGESKIVELEEELRVVGNNLKSLEVSEEKANQREEAYKEQIKTLTNKLKAAEARAEFAERSVQKLQKEVDRLEDELVNEKEKYKSITDELDQTFSELSGY,1
Pr_WHOIUIS_18_19_2,MKPLVKLFLLFCLVGIVLSRPMPEDEEPVAEGGDDDASGESEGEEETTDDAGGDGGEEENEGEEHAGDKDAGGEDTGKEENTGHDDAGEEDAGEEDAGEEDAGEEDAGEEDAEKEEGEKEDAGDDAGSDDGEEDSTGGDEGEDNAEDSKGSEKNDPADTYRQVVALLDKDTKVDHIQSEYLRSALNNDLQSEVRVPVVEAIGRIGDYSKIQGCFKSMGKDVKKVISEEEKKFKSCMSKKKSEYQCSEDSFAAAKSKLSPITSKIKSCVSSKGR,1
Pr_WHOIUIS_376_598_1,EFRGLDQYIIKRFDGKKISQEREKFADEGSIFYTLGECGLISFSDYIFLTTVLSTPQRNFEIAFKMFDLNGDGEVDMEEFEQVQSIIRSQTSMGMRHRDRPTTGNTLKSGLCSALTTYFFGADLKGKLTIKNFLEFQRKLQHDVLKLEFERHDPVDGRITERQFGGMLLAYSGVQSKKLTAMQRQLKKHFKEGKGLTFQEVENFFTFLKNINDVDTALSFYHMAGASLDKVTMQQVARTVAKVELSDHVCDVVFALFDCDGNGELSNKEFVSIMKQRLMRGLEKPKDMGFTRLMQAMWKCAQETAWDFALPKQ,1
Pr_WHOIUIS_937_1364_0,MAGNMLANYVQVYVMLPLDVVSVDNKFEKGDEIRAQLKKLTEAGVDGVMIDVWWGLVEGKGPKAYDWSAYKQVFDLVHEAGLKLQAIMSFHQCGGNVGDVVNIPIPQWVRDVGATDPDIFYTNRGGTRNIEYLTLGVDDQPLFHGRTAVQMYADYMASFRENMKKFLDAGTIVDIEVGLGPAGEMRYPSYPQSQGWVFPGIGEFICYDKYLEADFKAAAAKAGHPEWELPDDAGEYNDTPEKTQFFKDNGTYLTEKGKFFLSWYSNKLIKHGDKILDEANKVFLGCRVQLAIKISGIHWWYRVPNHAAELTAGYYNLDDRDGYRTIARMLTRHHASMNFTCAEMRDSEQSEEAKSAPEELVQQVLSAGWREGLHVACENALGRYDATAYNTILRNARPKGINKNGPPEHKLFGFTYLRLSNELLEGQNYATFQTFVEKMHANLGHDPSVDPVAPLERSKPEMPIEMILKAAQPKLEPFPFDKNTDLPVKDHTDVGDEVLVAPV,1
Pr_WHOIUIS_759_1128_1,MMKSFFLVVTILALTLPFLGAQEQNQEQPIRCEKDERFFSDKIAKYIPIQYVLSRYPSYGLNYYQQKPVALINNQFLPYPYYAKPAAVRSPAQILQWQVLSNTVPAKSCQAQPTTMARHPHPHLSFMAIPPKKNQDKTEIPTINTIASGEPTSTPTTEAVESTVATLEDSPEVIESPPEINTVQVTSTAV,1
Pr_WHOIUIS_509_813_35,SVKRSNGSAEVHRGAVPRRGPRGGPGRSYAADAGYAPATPAAAGAEAGKATTEEQKLIEDINVGFKAAVAAAASVPAADKFKTFEAAFTSSSKAATAKAPGLVPKLDAAYSVAYKAAVGATPEAKFDSFVASLTEALRVIAGALEVHAVKPVTEEPGMAKIPAGELQIIDKIDAAFKVAATAAATAPADDKFTVFEAAFNKAIKESTGGAYDTYKCIPSLEAAVKQAYAATVAAAPQVKYAVFEAALTKAITAMSEVQKVSQPATGAATVAAGAATTAAGAASGAATVAAGGYKV,1
Pr_WHOIUIS_827_1227_1,MATATDRAPHQVQVHTPTTQRVDVPRRGYDVSGGGIKTLLPERGPSTSQIIAVLVGVPTGGTLLLLSGLSLLGTIIGLAIATPVFTFFSPVIVPAVVTIGLAVTGILTAGACGLTGLMSLSWMINFIRQVHGTTVPDQLDSVKRRMADMADYVGQKTKDAGQQIQTKAQDVKRSSS,1
Pr_WHOIUIS_494_778_2,MLRYLVLASLIACSLSAVPKAKRPRLDGRIVGGRPADIADYPYQLSFEYYGSHMCGASIISPNWVVTAAHCVDGVSASSATFRAGGSIRESGGSVHQATQLIANPNYDYYTIDFDVAVARVSPAFSYGTGVQPIPLASSEPSAGQIATVSGWGTTSEGGSTLPSQLQVVSVPIVSRSECNQAYSDYGGITDDMICAAEQQGGKDACQGDSGGPLVVNGQLAGIVSWGVGCAEQGYPGVYSNVASLKGFITEQTGVN,1
Pr_WHOIUIS_916_1341_1,MDAIKKKMQAMKLEKDNTMDRALLCEQQARDANLRAEKAEEEARSLQKKIQQIENDLDQTMEQLMQVNAKLDEKDKALQNAESEVAALNRRIQLLEEDLERSEERLATATAKLAEASQAADESERARKILESKGLADEERMDALENQLKEARFMAEEADKKYDEVARKLAMVEADLERAEERAESGESKIVELEEELRVVGNNLKSLEVSEEKANLREEEYKQQIKTLTTRLKEAEARAEFAERSVQKLQKGSRQA,1
Pr_WHOIUIS_198_281_2,MDAIKKKMQAMKLEKDNALDRALLCENQARDANLRAEKAEEEARTLQKKIQTIENDLDQTQGQETLVNGKLEGKEKALQNAESEVAALNRRIQLLGEDLDRSEERLASATAKLSEASAAADESERARKILENRSLADEERMDALENQLKEARFLAEEADKKYDEVARKLAMVEADLERAEERAEAGEAKIVELEEELRVVGNNLKSLEVSEEKANQREEEYKNQIKTLTTRLKEAEARAEFAERSVQKLQKEVDRLEDELVSEKEKYREIGDDLDTAFVELILKE,1
Pr_WHOIUIS_945_1372_0,MDAIKKKMQAMKLEKDNAMDRALTCEQQNKEANNRAEKSEEEVFSLQKRMQQLENDLDSVQEALLKANAHLEEKDKALSNAEGEVAALNRRIQLLEEDLERSEERLNTATTKLAEASQAADESERMRKVLENRSLSDEERMDALENQLKEARFLAEEADRKYDEVARKLAMVEADLERAEERAETGESKIVELEEELRVVGNNLKSLEVSEEKANQREEAYKEQIKTLTNKLKAAEARAEFAERSVQKLQKEVDRLEDELVNEKEKYKSITDELDQTFSELSGY,1
Pr_WHOIUIS_509_816_37,MAVQKYTVALFLAVALVAGPAASYAADAGYAPATPAAAGAEAGKATTEEQKLIEDINVGFKAAVAAAASVPAADKFKTFEAAFTSSSKAATAKAPGLVPKLDAAYSVAYKAAVGATPEAKFDSFVASLTEALRVIAGALEVHAVKPVTEDPAWPKIPAGELQIIDKIDAAFKVAATAAATAPADDKFTVFEAAFNKAIKESTGGAYDTYKCIPSLEAAVKQAYAATVAAAPQVKYAVFEAALTKAITAMSEVQKVSQPATGAATVAAGAATTATGAASGAATVAAGGYKV,1
Pr_WHOIUIS_649_988_0,FNPCPYSDDTVKMIVLTRENKKYDFYTLDTIKNHNEFKDTITLKPHVFITHGFTSSATAENFVVMAKALLDKGNYLVILTDWRMAACTNEIAGLKLAYYPYAASNTRLVGNYIATVTKMLVQKYNVPMANIRLIGHSLGAHISGFAGKKVQELGLGKYPEIIGLDPAGPSFKSNDCSQRICETDANYVQIIHTSNRLGTERTLGTVDFYMNNGYNQPGCGLPIIGETCSHTRAVKYFTECIKHECCLIGVPKSKNPQPVSKCTRNECVCVGLNAKTYPKTGSFYVPVESKAPYCNNKGKII,1
Pr_WHOIUIS_137_191_2,NLLEKLREKGVDVDKIIELIRALFGLTLNAKASRNLQDDLQDFLALIPVDQIIAIATDYLANDAEVQAAVAYLQSDEFETIVVALDALPELQNFLNFLEANGLNAIDFLNGIHDLLGIPHIPVSGRKYHIRRGVGITGLIDDVLAILPIEDLKALFNEKLETSPDFLALYNAIRSPEFQSIVQTLNAMPEYQNLLQKLREKGVDVDKIIELIRALFGLTLNGKASRNLQDDLQDFLALIPVDQIIAIATDYLANDAEVQAAVAYLQSDEFETIVVTLDALPELQNFLNFLEANGLNAIDFLNGIHDLLGIPHIPVSGRKYHIRRGVGITGLIDDVLAILPLDDLKALFNEKLETSPDFLALYNAIKSPEFQSIVQTLNAMPEYQNLLEKLREKGVDVDKIIELIRALFGLTH,1
Pr_WHOIUIS_835_1238_1,MDAIKKKMQAMKLEKDNALDRALLCEQQARDANLRAEKAEEEARQLQKKIQAIENDLDQTQEALMAVNAKLEEKEKALQNAESEVAALNRRIQLLEEDLERSEERLASATAKLSEASAAADESERARKVLENRALADEERMDALENQLKEARFMAEEADKKYDEVARKLAMVEADLERAEERAEAGEGKIVELEEELRVVGNNLKSLEVSEEKANQREEEYKNQIKTLTTRLKEAEARAEFAERSVQKLQKEVDRLEDELVMEKEKYREIGDDLDTAFVELILKE,1
Pr_WHOIUIS_305_494_4,GILPECKLVPEEISFVLSTRENRDGVYLTLQKLKNGKMFKNSDLSSKKVPFLIHGFISSATNKNYADMTRALLDKDDIMVISIDWRDGACSNEFALLKFIGYPKAVENTRAVGKYIADFSKILIQKYKVLLENIRLIGHSLGAQIAGFAGKEFQRFKLGKYPEIIGLDPAGPSFKKKDCPERICETDAHYVQILHTSSNLGTERTLGTVDFYINDGSNQPGCTYIIGETCSHTRAVKYLTECIRRECCLIGVPQSKNPQPVSKCTRNECVCVGLNAKEYPKKGSFYVPVEAKAPFCNNNGKII,1
Pr_WHOIUIS_142_200_2,MDAIKKKMQAMKLEKDNAMDRALLCEQQARDANIRAEKAEEEARSLQKKIQQIENDLDQTMEQLMQVNAKLDEKDKALQNAESEVAALNRRIQLLEEDLERSEERLATATAKLAEASQAADESERARKILESKGLADEERMDALENQLKEARFMAEEADKKYDEVARKLAMVEADLERAEERAETGESKIVELEEELRVVGNNLKSLEVSEEKANLREEEYKQQIKTLNTRLKEAEARAEFAERSVQKLQKEVDRLEDELVHEKEKYKYICDDLDMTFTELIGN,1
Pr_WHOIUIS_493_777_13,INEIHSIIGLPPFVPPSRRHARRGVGINGLIDDVIAILPVDELKALFQEKLETSPDFKALYDAIRSPEFQSIISTLNAMQRSEHHQNLRDKGVDVDHFIQLIRALFGLSRAARNLQDDLNDFLHSLEPISPRHRHGLPRQRRRSARVSAYLHADDFHKIITTIEALPEFANFYNFLKEHGLDVVDYINEIHSIIGLPPFVPPSRRHARRGVGINGLIDDVIAILPVDELKALFQEKLETSPDFKALYDAIRSPEFQSIISTLNAMPEYQELLQNLRDKGVDVDHFIRVDQGTLRTLSSGQRNLQDDLNDFLALIPTDQILAIAMDYLANDAEVQELVAYLQSDDFHKIITTIEALPEFANFYNFLKEHGLDVVDYINEIHSIIGLPPFVPPSQRHARRGVGINGLIDDVIAILPVDELKALFQEKLETSPDFKALYDAIDLRSSRA,1
Pr_WHOIUIS_237_336_2,MDAIKKKMQAMKLEKDNAMDRADTLEQQNKEANNRAEKSEEEVFSLQKRMQQLENDLDSVQEALLKANAHLEEKDKALSNAEGEVAALNRRIQLLEEDLERSEERLNTATTKLAEASQAADESERMRKVLENRSLSDEERMDALENQLKEARFLAEEADRKYDEVARKLAMVEADLERAEERAETGESKIVELEEELRVVGNNLKSLEVSEEKANQREEAYKEQIKTLTNKLKAAEARAEFAERSVQKLQKEVDRLEDELVNEKEKYKSITDELDQTFSELSGY,1
Pr_WHOIUIS_960_1395_1,MIKFYFLFCSFYIVSVWMLPVSELAGMHQLDEGMINVDDNKPTNLTICVDKKDGTLLGDEHDRTLFYECSNGLAFPFHCPSNLIFDETRGVCIFDPNSPTKRPPNHGNSTYNCTGKEDGFYPDENDATKFHECVNGYPYDFKCPPNTIYDVKRKVCAYKSIERPKEENEQPQPQPQQQQHRAVRDVIESTTAEIKEELPTEQSVRRHRRNDEQQQQQHHHHQLEEFAKEKNIDLHIIETTTQENFDVWID,1
Pr_WHOIUIS_530_843_1,MSPDCTFNEKDIVFYVYSRDKRDGIILKKETLTNYDLFTKSTISKQVVFLIHGFLSTGNNENFVAMSKALIEKDDFLVISVDWKKGACNAFASTKDALGYSKAVGNTRHVGKFVADFTKLLVEKYKVLISNIRLIGHSLGAHTSGFAGKEVQKLKLGKYKEIIGLDPAGPYFHRSDCPDRLCVTDAEYVQVIHTSIILGVYYNVGSVDFYVNYGKNQPGCNEPSCSHTKAVKYLTECIKHECCLIGTPWKKYFSTPKPISQCRGDTCVCVGLNAKSYPARGAFYAPVEANAPYCHNEGIKL,1
Pr_WHOIUIS_493_773_2,EFQSIISTLNAMPEYQELLQNLRDKGVDVDHYIELIRALFGLTRAARNLQDDLNDFLALIPTDQILAIAMDYLANDAEVQELVAYLQSDDFHKIITTIEGLPEFANFYNFLKEHGLDVADFLNEIHSIIGLPPFVPPSRRHARRGVGINGLIDDVIAILPVDELKALFQEKLETSPDFKALYDAIRSPEFQSIISTLNAMPEYQDLLQNLRDKGVDVDHFIELIRSLFGLP,1
Pr_WHOIUIS_509_810_25,ADLGYGPATPAAPAAGYTPAAPAGAEPAGKATTEEQKLIEKINAGFKAALAAAAGVPPADKYRTFVATFGAASNKAFAEGLSGEPKGAAESSSKAALTSKLDAAYKLAYKTAEGATPEAKYDAYVATLSEALRIIAGTLEVHAVKPAAEEVKVIPAGELQVIEKVDAAFKVAATAANAAPANDKFTVFEAAFNNAIKASTGGAYESYKFIPALEAAVKQAYAATVATAPEVKYTVFETALKKAITAMSEAQKAAKPAAAATATATSAVGAATGAATAATGGYKV,1
Pr_WHOIUIS_827_1229_7,MATATDRAPHQVQVHTPTTQRVDVPRRGYDVSGGGIKTLLPERGPSTSQIIAVLVGVPTGGTLLLLSGLSLLGTIIGLAIATPVFIFFSPVIVPAVVTIGLAVTGILTAGACGLTGLMSLSWMINFIRQVHGTTVPDQLDSVKRRMADMADYVGQKTKDAGQEIQTKAQDVKRSSS,1
Pr_WHOIUIS_741_1103_1,MSNLPYINAAFRFSSRDYEVYFFAKNKYVRLQYTPGKTEDKILTNLRLISSGFPSLAGTPFAEPGIDSAFHTEASEAYVFSANNRAYIDYAPGTTNDKILAGPTTIAEMFPVLRNTVFADSIDSAFRSTKGKEVYLFKGNKYVRIDYDSKQLVGSIRNISDGFPVLNGTGFESGIDASFASHKEPEAYLFKGDKYVRIHFTPGKTDDTLVGDVRPILDGWPVLKAFCLCELNKPSLSCINHLSLVTINKAFISNVCLFFFNVTLGLEACFLS,1
Pr_WHOIUIS_283_423_19,MISKILCLSLLVAAVVADQVDVKDCANNEIKKVMVDGCHGSDPCIIHRGKPFTLEALFDANQNTKTAKIEIKANIDGLEVDVPGIDTNACHYIKCPLVKGQQYDAKYTWNVPKIAPKSENVVVTVKLVGDNGVLACAIATHAKIRD,1
Pr_WHOIUIS_490_770_1,MDAIKKKMQAMKLEKDNAMDRADTLEQQNKEANNRAEKSEEEVHNLQKRMQQLENDLDQVQESLLKANIQLVEKDKALSNAEGEVAALNRRIQLLEEDLERSEERLNTATTKLAEASQAADESERMRKVLENRSLSDEERMDALENQLKEARFLAEEADRKYDEVARKLAMVEADLERAEERAETGESKIVELEEELRVVGNNLKSLEVSEEKANQREEAYKEQIKTLTNKLKAAEARAEFAERSVQKLQKEVDRLEDELVNEKEKYKSITDELDQTFSELSGY,1
Pr_WHOIUIS_914_1339_1,MLLVTFLLFFLHPLVNGDSCGWNCESSKRPKRVFSIYWNVPTFMCHQYGMNFDEVTDFNIKHNSKDNFRGETIAIYYDPGKFPALMPLNNNGKYEERNGGVPQLGNITIHLQQFNEDLDKMTPDRNFGGIGVIDFERWRPIFRQNWGNTEIHKKYSIELVRKEHPKWSESMIEAEATKKFEKYARYFMEETLKLAKKSRKRAKWGYYGFPYCYNVTPNNPGPDCDAKAIIENDRLSWMYNNQEILLPSVYLRHEQKPEERIYLVQGRIKEAVRISNNLEHSPSVLAYWWYVYQDKMDIYLSETDVKKTFQEIVTNGGNGIIIWGSSSDVNSLSKCKRLREYLLNTLGPIAVNVTETVNGRSSLNF,1
Pr_WHOIUIS_339_537_2,MKWVTLISFIFLFSSATSRNLQRFARDAEHKSEIAHRYNDLKEETFKAVAMITFAQYLQRCSYEGLSKLVKDVVDLAQKCVANEDAPECSKPLPSIILDEICQVEKLRDSYGAMADCCSKADPERNECFLSFKVSQPDFVQPYQRPASDVICQEYQDNRVSFLGHFIYSVARRHPFLYAPAILSFAVDFEHALQSCCKESDVGACLDTKEIVMREKAKGVSVKQQYFCGILKQFGDRVFQARQLIYLSQKYPKAPFSEVSKFVHDSIGVHKECCEGDMVECMDDMARMMSNLCSQQDVFSGKIKDCCEKPIVERSQCIMEAEFDEKPADLPSLVEKYIEDKEVCKSFEAGHDAFMAEFVYEYSRRHPEFSIQLIMRIAKGYESLLEKCCKTDNPAECYANAQEQLNQHIKETQDVVKTNCDLLHDHGEADFLKSILIRYTKKMPQVPTDLLLETGKKMTTIGTKCCQLGEDRRMACSEGYLSIVIHDTCRKQETTPINDNVSQCCSQLYANRRPCFTAMGVDTKYVPPPFNPDMFSFDEKLCSAPAEEREVGQMKLLINLIKRKPQMTEEQIKTIADGFTAMVDKCCKQSDINTCFGEEGANLIVQSRATLGIGA,1
Pr_WHOIUIS_712_1063_1,MDAIKKKMQAMKLEKDNAMDRADTLEQQNKEANNRAEKSEEEVFGLQKKLQQLENDLDSVQEALLKANQHLEEKDKALSNAEGEVAALNRRIQLLEEDLERSEERLNTATTKLAEASQAADESERMRKVLENRSLSDEERMDALENQLKEARFLAEEADRKYDEVARKLAMVEADLERAEERAETGESKIVELEEELRVVGNNLKSLEVSEEKANQREEAYKEQIKTLTNKLKAAEARAEFAERSVQKLQKEVDRLEDELVNEKEKYKSITDELDQTFSELSGY,1
Pr_WHOIUIS_255_362_1,MARVSELALLLVATSAISLHMQEAGAVKFDIKNQCRYTVWAAGLPGGGKRLDQGQTWTVNLAAGTASARFWGRTGCTFDASGKGSCRSGDCGGQLSCTVSGAVPATLAEYTQSDQDYYDVSLVDGFNIPLAINPTNTKCTAPACKADINAVCPSELKVDGGCNSACNVLQTDQYCCRNAYVDNCPATNYSKIFKNQCPQAYSYAKDDTATFACASGTDYSIVFCP,1
Pr_WHOIUIS_50_59_2,MDAIKKKMQAMKIEKDNALDRADAAEEKVRQMTDKLERIEEELRDTQKKMMQTENDLDKAQEDLSTANSNLEEKEKKVQEAEAEVAALNRRMTLLEEELERAEERLKLATAKLEEATHTADESERVRKVMENRSFQDEERANTVESQLKEAQMLAEEADRKYDEVARKLTMVEADLERAEERAETGENKIVELEEELRVVGNNLKSLEVSEEKALQREDSYEEQIRTVSARLKEAETRAEFAERSVQKLQKEVDRLEDELVHEKERYKSISEELDQTFQELSGY,1
Pr_WHOIUIS_413_646_2,MSRKSGSRSSSKRSKKSGGGSNVFDMFTQRQVAEFKEGFQLMDRDKDGVIGKTDLRGTFDEIGRIATDQELDEMLADAPAPINFTMLLNMFAERQTGESDDDDVVAKAFLAFADEEGNIDCDTFRHALMTWGDKFSSQEADDALDQMDIDDGGKIDVQGVIQMLTAGGGDDAAAEEA,1
Pr_WHOIUIS_487_767_2,MRFNTALTSALVSSASLMGYAHAEETADTTVIDRPTFTPTSLKAPFLEQFTDDWESRWKPSHAKKDDKSDDEWAYVGEWAVEEPSVFKGIDGDKGLVVKNAAAHHAISAKFPKKIDNKGKTLVVQYEVKPQNSLVCGGAYLKLLQENKKLHQDEFSNGTPYVVMFGPDKCGATNKVHFIFCHKNPKTGEYEEKHLKTPPVARTDKVTSLYTLIVNPDQTFEILINGDSAKKGSLLEDFNPPVNPEKEIDDPKDSKPADWVDEVKIPDPEATKPADWDEEAPFEILDEEATQPADWLEDEPESIPDPEAEKPEDWDDEEDGDWLAPTIPNPKCADVSGCGTWTRPMIKNPEYKGKWEAPLIDNPAYKGVWAPRKIKNPAYFEDKTPSNLEPMGAIGFEIWTMQNDILFDNVYVGHSVEDAEKLRKETFDVKFPIEEAEEEASKPKPEVNEEGTTVTFQEDPVTFVRQKVNHFVELAKEDPVNAAKTLPEVAGGLGALLLTMILVVVGAIGASSPAAPAEKKGKQPAGAPKEKKEQAVSSSAETSKGGATKRTTRSSAE,1
Pr_WHOIUIS_508_800_2,SSCEVALSYYPTPLAKEDFLRCLVKEIPPRLLYAKSSPAYPSVLGQTIRNSRWSSPDNVKPIYIVTPTNASHIQSAVVCGRRHGVRIRVRSGGHDYEGLSYRSLQPEEFAVVDLSKMRAVWVDGKARTAWVDSGAQLGELYYAIHKASPVLAFPAGVCPTIGVGGNFAGGGFGMLLRKYGIAAENVIDVKLVDANGTLHDKKSMGDDHFWAVRGGGGESFGIVVAWKVRLLPVPPTVTVFKIPKKASEGAVDIINRWQVVAPQLPDDLMIRVIAQGPTATFEAMYLGTCQTLTPMMSSKFPELGMNASHCNEMSWIQSIPFVHLGHRDNIEDDLLNRNNTFKPFAEYKSDYVYEPFPKEVWEQIFSTWLLKPGAGIMIFDPYGATISATPEWATPFPHRKGVLFNIQYVNYWFAPGAGAAPLSWSKEIYNYMEPYVSKNPRQAYANYRDIDLGRNEVVNDVSTFSSGLVWGQKYFKGNFQRLAITKGKVDPTDYFRNEQSIPPLIQKY,1
Pr_WHOIUIS_201_1117_7,MKFFAVLALCIVGAIASPLSADQAALVKSTWAQVRNSEVEILAAVFTAYPDIQARFPQFAGKDVASIKDTGAFATHAGRIVGFVSEIIALIGNESNAPAVQTLVGQLAASHKARGISQAQFNEFRAGLVSYVSSNVAWNAAAESAWTAGLDNIFGLLFAAL,1
Pr_WHOIUIS_275_408_2,MEAIKKKMQAMKLEKDNAIDRAEIAEQKARDANLRAEKSEEEVRALQKKIQQIENELDQVQEQLSAANTKLEEKEKALQTAEGDVAALNRRIQLIEEDLERSEERLKIATAKLEEASQSADESERMRKMLEHRSITDEERMDGLENQLKEARMMAEDADRKYDEVARKLAMVEADLERAEERAETGESKIVELEEELRVVGNNLKSLEVSEEKAQQREEAYEQQIRIMTAKLKEAEARAEFAERSVQKLQKEVDRLEDELVHEKEKYKSISDELDQTFAELTGY,1
Pr_WHOIUIS_711_1062_2,MKILLFLCFLVSVAFAKPPTIQLKSNTKSQNGFIVGGTEAVDGDAPHQVSLQHTSHFCGGSIISERWILTAAHCIDADDLSNPGGMSVRYNTLNLKSGTLVKVKSIKVHEQYSNVTSDNDIALLETVASMNLNQTNAVAAKLPAKGNDPQDGDLFLSGWGTLHSGDTTIPTNLQKVTVPLTNRSVCAEAYTGIVNITENMFCAGKMGIGGVDSCQGDSGGGAMLNKELVGVVSFGVGCGDPKYPGVYTRVSQYLDWIELSAKSSATTLVAVNITLFLTLFIGAIW,1
Pr_WHOIUIS_394_617_1,MARVSELAFLLAATLAISLHMQEAGVVKFDIKNQCGYTVWAAGLPGGGKRLDQGQTWTVNLAAGTASARFWGRTGCTFDASGKGSCQTGDCGGQLSCTVSGAVPATLAEYTQSDQDYYDVSLVDGFNIPLAINPTNAQCTAPACKADINAVCPSELKVDGGCNSACNVFKTDQYCCRNAYVDNCPATNYSKIFKNQCPQAYSYAKDDTATFACASGTDYSIVFCP,1
Pr_WHOIUIS_493_774_5,SIISTLNAMPEYQDLLQNLRDKGVDVDHYIELIRALFGLTRAARNLQDDLNDFLALIPTDQILAIAMDYLANDAEVQELVAYLQSDDFHKIITTIEGLPEFANFYNFLKEHGLDVADFLNEIHSIIGLPPFVPPSRRHARRGVGINGLIDDVIAILPVDELKALFDEKLETSPDFKALYDAIRSPEFQSIISTLNAMPEYQDLLQNLRDKGVDVDHFIELIRSLFGLP,1
Pr_WHOIUIS_894_1313_1,MKFYNVLTITIGVILLSVFDNVQADTVAQEQCRQLHHVDVDPSGTQFLNNNCLLDCNIHGKIYSHNMNEGRTCMVGRTNYVCRNGQCVGNNQHVGHVDIELISASLYEKANAYASVCIKNNSMPISLPIQDRRDCITCSTQVRSNTNNPIWNEVCTGSGNYLLVSDSRVAIEVWNHLGTSNNIFLGGVSLTIDQLVNHGDNHRAINLAMAGNKPGQLTTRITWTQRN,1
Pr_WHOIUIS_275_408_1,FFFVAAKQQQQPSTKMEAIKKKMQAMKLEKDNAIDRAEIAEQKARDANLRAEKSEEEVRALQKKIQQIENELDQVQEQLSAANTKLEEKEKALQTAEGDVAALNRRIQLIEEDLERSEERLKIATAKLEEASQSADESERMRKMLEHRSITDEERMDGLENQLKEARMMAEDADRKYDEVARKLAMVEADLERAEERAETGESKIVELEEELRVVGNNLKSLEVSEEKAQQREEAYEQQIRIMTAKLKEAEARAEFAERSVQKLQKEVDRLEDELVHEKEKYKSISDELDQTFAELTGY,1
Pr_WHOIUIS_509_817_41,MAVQKYTVALFLAVALVAGPAASYAADAGYAPATPAAAGAEAGKATTEEQKLIEDINVGFKAAVAAAASVPAADKFKTFEAAFTSSSKAATAKAPGLVPKLDAAYSVSYKAAVGATPEAKFDSFVASLTEALRVIAGALEVHAVKPVTEEPGMAKIPAGELQIIDKIDAAFKVAATAAATAPADTVFEAAFNKAIKESTGGAYDTYKCIPSLEAAVKQAYAATVAAAPQVKYAVFEAALTKAITAMSEVQKVSQPATGAATVAAGAATTAAGAASGAATVAAGGYKV,1
Pr_WHOIUIS_497_785_4,MDAIKKKMQAMKLEKDNAMDRALLCEQQARDANLRAEKAEEEARSLQKKIQQIENDLDQTMEQLMQVNAKLDEKDKALQNAESEVAALNRRIQLLEEDLERSEERLATATAKLAEASQAADESERARKILESKGLADEERMDALENQLKEARFMAEEADKKYDEVARKLAMVEADLERAEERAESGESKIVELEEELRVVGNNLKSLEVSEEKANLREEEYKQQIKTLTTRLKEAEARAEFAERSVQKLQKEVDRLEDELVHEKEKYKFICDDLDMTFTELIGN,1
Pr_WHOIUIS_192_275_2,MDAIKKKMQAMKLEKDNAMDRADTLEQQNKEANLRAEKTEEEIRATQKKMQQVENELDQAQEQLSAANTKLDEKEKALQNAEGEVAALNRRIQLPEEDLERSEERLNTATTKLAEASQAADESERMRKVLENRSLSDEERMDALENQLKEARFLAEEADRKYDEVARKLAMVEADLERAEERAESGESKIVELEEELRVVGNNLKSLEVSEEKANQREETYKEQIKTLANKLKAAEARAEFAERSVQKLQKEVDRLEDELVNEK,1
Pr_WHOIUIS_717_1069_2,MPGLTIGDTVPNLELDSTHGKIRIHDYVGNGYVILFSHPGDFTPVCTTELAAMANYAKEFEKRGVKLLGISCDDVQSHKEWTKDIEAYKPGSKVTYPIMADPDRSAIKQLNMVDPDEKDAEGQLPSRTLHIVGPDKKVKLSFLYPSCTGRNMDEVVRAVDSLLTAAKHKVATPANWNPGECVVIAPGVSDDEAKKMFPQGFETADLPSKKGYLRFTKV,1
Pr_WHOIUIS_402_629_2,MEAIKNKMQAMKLEKDNAIDRAEIAEQKSRDANLRAEKSEEEVRGLQKKIQQIENELDQVQESLTQANTKLEEKEKSLQTAEGDVAALNRRIQLIEEDLERSEGRLKIATSKLEEASQSADESERMRKMLEHRSITDEERMEGLESQLKEARMMAEDADRKYDEVARKLAMVEADLERAEERAETGESKIVELEEELRVVGNNLKSLEVSEEKAQQREEAYEQQIRIMTTKLKEAEARAEFAERSVQKLQKEVDRLEDELVHEKEKYKSISDELDQTFAELTGY,1
Pr_WHOIUIS_370_592_4,MDAIKKKMQAMKLEKDNAMDRADTLEQQNKEANIRAEKSEEEVHNLQKRMQQLENDLDQVQESLLKANTQLEEKDKALSNAEGEVAALNRRIQLLEEDLERSEERLNTATTKLAEASQAADESERMRKVLENRSLSDEERMDALENQLKEARFLAEEADRKYDEVARKLAMVEADLERAEERAETGESKIVELEEELRVVGNNLKSLEVSEEKANQREEAYKEQIKTLANKLKAAEARAEFAERSVQKLQKEVDRLEDELVNEKEKYKSITDELDQTFSELSGY,1
Pr_WHOIUIS_509_804_7,MAVHQYTVALFLAVALVAGPAGSYAADLGYGPATPAAPAAGYTPATPAAPAGAEPAGKATTEEQKLIEKINAGFKAALAAAAGVPPADKYRTFVATFGAASNKAFAEGLSGEPKGAAESSSKAALTSKLDAAYKLAYKTAEGATPEAKYDAYVATVSEALRIIAGTLEVHAVKPAAEEVKVIPAGELQVIEKVDAAFKVAATAANAAPANDKFTVFEAAFNDAIKASTGGAYESYKFIPALEAAVKQAYAATVATAPEVKYTVFETALKKAITAMSEAQKAAKPAAAATATATAAVGAATGAATAATGGYKV,1
Pr_WHOIUIS_664_1015_7,MMKTLVAVLSLSLTLLSFGGAHAATMSFKNNCPYTVWPASFGNPQLSTTGFELASQASFQLDTPVPWSGRFWARTRCSTDASGKFVCETADCDSGQLMCNGKTGIPPATLAEFTIAAGGGQDFYDVSLVDGFNLPMSVTPQGGTGTCKMGSCAANVNLVCPSELQKIGSDGSVVACLSACVKFGEPQYCCTPPQETKEKCPPTNYSQIFHEQCPDAYSYAFDDNKGLFTCSGGPNYLITFCP,1
Pr_WHOIUIS_420_656_4,MAVQKYTVALFLAVALVAGPAASYAADAGYTPAAAATPATPAATPAAAGGKATTDEQKLLEDVNAGFKAAVAAAANAPPADKFKIFEAAFSESSKGLLATSAAKAPGLIPKLDTAYDVAYKAAEATPEAKYDAFVTALTEALRVIAGALEVHAVKPATEEVLAAKIPTGELQIVDKIDAAFKIAATAANAAPTNDKFTVFESAFNKALNECTGGAYETYKFIPSLEAAVKQAYAATVAAAPEVKYAVFEAALTKAITAMTQAQKAGKPAAAAATAAATVATAAATAAAVLPPPLLVVQSLISLLIYY,1
Pr_WHOIUIS_508_801_4,SSCQVAFSYFPPPAAKEDFLGCLVKEIPPRLLYAKSSPAYPSVLGQTIRNSRWSSPDNVKPLYIITPTNVSHIQSAVVCGRRHSVRIRVRSGGHDYEGLSYRSLQPETFAVVDLNKMRAVWVDGKARTAWVDSGAQLGELYYAIYKASPTLAFPAGVCPTIGVGGNFAGGGFGMLLRKYGIAAENVIDVKLVDANGKLHDKKSMGDDHFWAVRGGGGESFGIVVAWQVKLLPVPPTVTIFKISKTVSEGAVDIINKWQVVAPQLPADLMIRIIAQGPKATFEAMYLGTCKTLTPLMSSKFPELGMNPSHCNEMSWIQSIPFVHLGHRDALEDDLLNRNNSFKPFAEYKSDYVYQPFPKTVWEQILNTWLVKPGAGIMIFDPYGATISATPESATPFPHRKGVLFNIQYVNYWFAPGAAAAPLSWSKDIYNYMEPYVSKNPRQAYANYRDIDLGRNEVVNDVSTYASGKVWGQKYFKGNFERLAITKGKVDPTDYFRNEQSIPPLIKKY,1
Pr_WHOIUIS_644_982_2,MEENMNLKYLLLFVYFVQVLNCCYGHGDPLSYELDRGPKCPFNSDTVSIIIETRENRNRDLYTLQTLQNHPEFKKKTITRPVVFITHGFTSSASETNFINLAKALVDKDNYMVISIDWQTAACTNEAAGLKYLYYPTAARNTRLVGQYIATITQKLVKHYKISMANIRLIGHSLGAHASGFAGKKVQELKLGKYSEIIGLDPARPSFDSNHCSERLCETDAEYVQIIHTSNYLGTEKTLGTVDFYMNNGKNQPGCGRFFSEVCSHSRAVIYMAECIKHECCLIGIPKSKSSQPISSCTKQECVCVGLNAKKYPSRGSFYVPVESTAPFCNNKGKII,1
Pr_WHOIUIS_1111_1590_1,MLNLGDEFPNFKADTTVGQIQFHDWIGDSWAILFSHPSDFTPVCTTELGRLANLTSEFEKRGVKIIALSCDPVDSHQKWIQDIKSYAKHSGEGFPYPIIADDSRKLAVNLGMLDPLEKDKDGLPLTCRAVFIIGPDKKLRLSMLYPATTGRNFDEILRVVDSLQLTETKKVATPADWKSGGTCMVLPTLKEEEANALFPKGFSVVNLPSGKPYLRITPQP,1
Pr_WHOIUIS_201_1121_19,MKFFAVLALCIVGAIASPLTADEASLVQSSWKAVSHNEVEILAAVFAAYPDIQNKFSQFAGKDLASIKDTGAFATHATRIVSFLSEVIALSGNTSNAAAVNSLVSKLGDDHKARGVSAAQFGEFRTALVAYLQANVSWGDNVAAAWNKALDNTFAIVVPRL,1
Pr_WHOIUIS_533_846_1,MNFKYSILFICFVKVLDNCYAADDLTTLRNGTLDRGITPDCTFNEKDIELHVYSRDKRNGIILKKEILKNYDLFQKSQISHQIAILIHGFLSTGNNENFDAMAKALIEIDNFLVISVDWKKGACNAFASTNDVLGYSQAVGNTRHVGKYVADFTKLLVEQYKVPMSNIRLIGHSLGAHTSGFAGKEVQRLKLGKYKEIIGLDPAGPSFLTNKCPNRLCETDAEYVQAIHTSAILGVYYNVGSVDFYVNYGKSQPGCSEPSCSHTKAVKYLTECIKRECCLIGTPWKSYFSTPKPISQCKRDTCVCVGLNAQSYPAKGSFYVPVDKDAPYCHNEGIKL,1
Pr_WHOIUIS_533_849_11,ADDLTTLRNGTLDRGITPDCTFNEKDIELHVYSRDKRNGIILKKEILKNYDLFQKSQISHQIAILIHGFLSTGNNENFDAMAKALIEIDNFLVISVDWKKGACNAFASTNDVLGYSQAVGNTRHVGKYVADFTKLLVEQYKVPMSNIRLIGHSLGAHTSGFAGKEVQRLKLGKYKEIIGLDPAGPSFLTSKCPDRLCETDAEYVQAIHTSAILGVYYNVGSVDFYVNYGKSQPGCSEPSCSHTKAVKYLTECIKRECCLIGTPWKSYFSTPKSISQCKRDTCVCVGLNAQSYPAKGSFYVPVEKDAPYCHNEGIKL,1
Pr_WHOIUIS_497_784_2,MDAIKKKMQAMKLEKDNAMDCALLCEQQARDANLRAEKAEEEARSLQKKIQQIENDLDQTMEQLMQVNAKLDEKDKALQNAESEVAALNRRIQLLEEDLERSEERLATATAKLAEASQAVDESERARKILESKGLADEERMDALENQLKEARFMAEEADKKYDEVARKLAMVEADLERAEERAESGESKIVELEEELRVVGNNLKSLEVSEEKANLREEEYKQQIKTLTTRLKEAEARAEFAERSVQKLQKEVDRLEDELVHEKEKYKFICDDLDMTFTELAGY,1
Pr_WHOIUIS_896_1315_0,GETISIYYDPGKFPALMPLKNGNYEERNGGVPQRGNITIHLQQFNEDLDKMTPDKNFGGIGVIDFERWKPIFRQNWGNTEIHKKYSIELVRYEHPKWSESMIEAEATKKFEKYARLFMEETLKLAKKTRKRAKWGYYGFPYCYNYTPNNPGPDCDAKAMIENDRLSWMYNNQEILFPSVYVRHELTPDQRVYLVQGRIKEAVRISNNLKHSPKVLSYWWYVYQDKMDIFLSETDVKKTFQEIVTNGGDGIIIWGSSSDVNSLSKCKRLREYLLNTLGPFAVNVTETVN,1
Pr_WHOIUIS_780_1159_2,MDAIKKKMQAMKLEKDNAMDRADTLEQQNKEANNRAEKSEEEVFSLQKRMQQLENDLDSVQEALLKANQHLEEKDKALSNAEGEVAALNRRIQLLEEDLERSEERLNTATTKLAEASQAADESERMRKVLENRSLSDEERMDALENQLKEARFLAEEADRKYDEVARKLAMVEADLERAEERAETGESKIVELEEELRVVGNNLKSLEVSEEKANQREEAYKEQIKTLTNKLKAAEARAEFAERSVQKLQKEVDRLEDELVNEKEKYKSITDELDQTFSELSGY,1
Pr_WHOIUIS_898_1317_1,MASSIKTVILFLLPLLLAYSVLAAPDITDGGDKPGPEIDDGGGDKPVPGNNDGASDYAKPAFEPEFMGAWVIDNPNAGVAAMQLQLMPNDQIVWFDTTSLGASGYKLPEGTPCPINPDANNQPDCYAHGIAYDWKTSKYRPLTLQGDAWCSSGNLWPNGNLMATGGTFSGDKAIRVIANDDPKGDFTTKIGALADTRWYSSNQVLPDGSSVVLGGRDSYSYEIVPPQMEFKPKRFDLPFMQQTTEPPLGPGRPVENNLYPFLFLLPDGNIFLFANNRAITFEPATGKTVKEFPVLPGGSRNYPPSGSAALFPLKLTADNAPVIPEIVICGGNQPNAYELVDARHVTEKQFLPALQDCNRIQPMAADAAWIPEQNMPSPRTMGDLIHLANGDMLMLNGAKKGTSGWEDATEANLTPVLYTPYKPMGQRFKELTPTTIARMYHSCSALLPDTRVLVAGSNMHQFYTFDTEFPTELRVEKFSPPYLDPALETERTQIDPANTDAVLKYGKPFKITAALMEKQPLVLGEVKVTLLYPPFTTHGFSQNQRMIVPAITSVQNGVITAVAPPSGQIAPPGYYIMFVSHLGIPGAGIWVHID,1
Pr_WHOIUIS_393_616_2,MSMKFMAALAFLALQLIVMAAGEDQSAQIMLDSDTKQYHRSSRNLRKRVHHARHDVAIVFNVEHYGAVGDGKHDSTDAFEKTWNAACNKLSAVFLVPANKKFVVNNLVFYGPCQPHFSFKVDGTIAAYPDPAKWKNSKIWMHFARLTDFNLMGTGVIDGQGNRWWSDQCKTINGRTVCNDKGRPTAIKIDFSKSVTVKELTLTNSPEFHLVFGECDGVKIQGIKIKAPRDSPNTDGIDIFASKRFEIEKCTIGTGDDCVAVGTGSSNITIKDLTCGPGHGMSIGSLGKGNSRSEVSFVHLDGAKFIDTQNGLRIKTWQGGSGLASHITYENVEMINAENPILINQFYCTSAAACKNQRSAVKIQDVTFKNIHGTSATTAAIQLMCSDSVPCSNIKLSNVFLKLTSGKVATCVNKNANGYYTNPLNPSCKSLHPGRTPKELELHQKPTTLLMDEKMGASLNSSPPNCKNKCKGCQPCKPKLIIVHPNQPEDYYPQRWVCSCHNKIYNP,1
Pr_WHOIUIS_667_1010_1,MHLITALVLLLQLIHFITSSPIPQEVVGGPGPVVGGSGIGNVWEKANEQAAEQQNIGGPGPVISGSGIGDVWNKANEPAEQQENIGGPGPVVSGSGIGNVWEKANEQAAHQQSIEGPGPVVSGSGIGNVWEKANEQAAHQQSIEGPGPVVSGSGIGDVWNKANEQAAEQQNIGGPGPVISGSGIGNVWEKANEQAAEQQNIGVGGPGPVKSGSGIGNVWEETNEEAASMQA,1
Pr_WHOIUIS_201_1122_22,MKFFAVLALCIVGAIASPLTADEASLVQSSWKAVSHNEVEILAAVFAAYPDIQNKFSQFAGKDLASIKDTGAFATHATRIVSFLSEVIALSGNDSNAAAVNSLVSKLGDDHKARGVSAAQFGEFRTALVAYLQANVSWGDNVAAAWNKALDNTFAIVVPRL,1
Pr_WHOIUIS_827_1228_4,MATATDRAPHQVQVHTPTTQRVDVQRRGYDVSGGGVKTFLPDRGPSTSQIIAVLVGVPTGGTLLLLSGLSLLGTIIGLAIATPVFTFFSPVIVPAVVTIGLAVIGILTAGACGLTGLMSLSWMINFIRQVHGTTVPDQLDSAKRRMADMADYVGQKTKDAGQEIQTKAQDVKRSSS,1
Q08D62_NEG,MPNKKAARNAYFFFALDMIPELRRRGLQVSGVREAIPLCSEDWALLSADQKEAYAEKARLLKNDPDSTSTYNDGVFGQRKRNATKSSDFSSVGFFQLNDQRNCVTQRTVPAMNIDISFNKNKAPDQHVCYFINIFSHGDMPSLCEQRYVPCEIACVRYSLREGILGSFHDFIDPGELPRGFRYHCQSGSASTHQIPISGFELANSDYHNMFRKLCSFVCPTPCPVVPVYTKANDIYRVDWCLQWLANKAGMENHFRVQEVETLIIKFYQDKLQEEPSRPTVSRLLDVVQWDYSSNTRCKWHEDNDMWCCALASCKKIAYCISKALASVYGVTLTPAHLPNPERSRNQNSVNPKVVVLDAKRFQRVCSSDPKYSTDKSERSSFEPRGVKPYQGPSGGGRGILRLLETLAASQNSSG,0
Q54ZW0_NEG,MRLQILLIYLICIIVSSIVLVESSNKHHFKENDEVPFYVNNVGPYSNPTETYEFYTLPFCKPSSISYKKTKLGEILQGDSAVLSDYQFPFKSSFENKQLCEYTLKKEDIEKFKKAIGEYYYAEMIYDDLPIFSFVGTVDDSDLTNIRYYLYNHIPFEFDYNGDQVIRVNIDTEHIKVIELSDQDEITLKLTYSAKWQPTEHEFSKRMDLYEEFFTKELEIHWLSVMNSFFLVVLLTAFLAIMIMKILKNDYSRYSKTDEEEDSDYQEDYGWKLVHGDVFRFPPYKNVFSAFYGIGWQFISIVCGILALSLFGMFYPNNGGNMYTAGIVLYALTSGISGYQSAKMYKNMGGNKWAWNIVLTATLFVAPLFIVVILSNTVAITWHSTVALPILTMIEVITIWLFVGFPLTVVGGIAGRRLSENFEAPCRTKNFPREVPPIQWYRRLPCQILIAGFLPFSAIYIELFYIFNSVWGHSTYTLYGILCLVFLILINVTVCITVALTYFQLSMEDHKWWWNSFINGGSTVVFIYMYSIYYYYYISHMYGLLQATFYFTYMLIVCFFFFILLGTVGFYSSLIFVKRIYRNLKSD,0
C8VDI2_NEG,MNILHSTLSTWRDRLAPVSRTSTFRTTGQITPEEFVLAGDYLVYKFPSWSWGDASSPSKRVSYLPPGKQFLVTRGVPCHRRLNENFAGDAHLDDEIVRDFLSGGAGDSDGGDDNDGWLRTGGGGKRHESTIRDVRTVDESGKEEAEVEEEEDIPDMEDDDDEEAIIREPAGTTSTTQPTRTYNLYITYSNFYRTPRLYLSGYLSPSEPLPPKLMMEDIVGDYKDKTVTLEDFPWFDGSLQMASVHPCRHASVMKTLLDRADAALKLRREKIKQTAASSSPQEKAKLAQPESGLEGLVDDIKGLSLGDAQKQCQGDKGQAGGDEWEVLQHDEEEEVAIRVDQYLVVFLKFIASVTPGIEHDFTMGV,0
P56183_NEG,MVPGVPLPPEIQLAQRLAGNEQVTRDRALRKLRKYIEARSQRATGGFTPDELLKVWKGLFYCMWMQDKPLQQEELGRTIAQLVHAFHTTEAQHQFLKAFWQTMIREWVGIDRLRLDKFYMLMRMVLSESLKAVKARGWDERQIEQLLELLTTEILNPDSQAPSGVKSHFLEIFLEELAKVGAAELTADQNLQFIDPFCQIAARTKDSQVLHKIIQSIFQTIVEQAPLAIEDIMNELDTQSGEGEASDGDDGEASDGDDGEASDDDDGEASDGGDGDVADSDDSDGADDDDGDVSDGDGGDNDEGDSNKSSEGEQDLQDTPPKKLPAGTAHRAGPEADKEQAWDDEENAGPVLQFDYEALANRLFKLASRQSTPSQNRKRLYKVIQKLRELAGGTFPEDDVPEKAYKKMLEGRRERKKKKKRLPKPQPQNKEAGSEAESSSADPGPGRKRKRNRKTDEKAGQGGPPGKRRKPGARAKGAGAQQPKKRIQSSQSAE,0
Q5R644_NEG,MPTVEELYRNYGILADATEQVGQHKDAYQVILDGVKGGTKEKRLAAQFIPKFFKHFPELADSAINAQLDLCEDEDVSIRRQAIKELPQFATGENLPRVADILTQLLQTDDSAEFNLVNNALLSIFKMDAKGTLGGLFSQILQGEDIVRERAIKFLSTKLKTLPDEVLTKEVEELILTESKKVLEDVTGEEFVLFMKILSGLKSLQTVSGRQQLVELVAEQADLEQTFNPSDPDCVDRLLQCTRQAVPLFSKNVHSTRFVTYFCEQVLPNLGTLTTPVEGLDIQLEVLKLLAEMSSFCGDMEKLETNLRKLFDKLLEYMPLPPEEAENGENAGNEEPKLQFSYVECLLYSFHQLGRKLPDFLTAKLNAEKLKDFKIRLQYFARGLQVYIRQLRLALQGKTGEALKTEENKIKVVALKITNNINVLIKDLFHIPPSYKSTVTLSWKPVQKVEIGQKRASEDTTSGSPPKKSSAGPKRDARQIYNPPSGKYSSNLGNFNYERSLQGK,0
Q9Z1Q2_NEG,MAKLLSCVLGPRLYKIYRERDTDRAASSVPETPTAVPAASSSSWDTYYQPRALEKHADSILALASVFWSISYYSSPFAFFYLYRKGYLSLSKVVPFSHYAGTLLLLLAGVACLRGIGRWTNPQYRQFITILEATHRNQSAENKRQLANYNFDFRSWPVDFHWEEPSSRKGSRGGPSRRGVALLRPEPLHRGTADTFLNRVKKLPCQITSYLVAHTLGRRMLYPGSVYLLQKALMPVLLQGQARLVEECNGRRAKLLACDGNEIDTMFVDRRGTAEPQGQKLVICCEGNAGFYEVGCVSTPLEAGYSVLGWNHPGFAGSTGVPFPQNEANAMDVVVQFAIHRLGFQPQDIVIYAWSIGGFTATWAAMSYPDISAVILDASFDDLVPLALKVMPDSWRALVTRTVRQHLNLNNSEQLCRFQGPVLLVRRTKDEIITTTVPEDIMSNRGNDLLLKLLQFRYPRVMVEEGLRAVRQWLEASSQLEEASIYSRWEVEEDWCVSVLRSYQAEHGPDFPWSVGEDMSADGRRQLALFLARKHLHNFEATHCTPLPAQHFQMPWHL,0
P32500_NEG,MIQTPRELLNPRYTYHTIFSDVCKTRFNHLVTRLFFICSIIQTVVISLLALPHSPLWELALAFIPNILALNLVSLLIIVTRKNYMHVKNFGFANSLTFILGQLLSVKFLVYQGVYSMGSILLSFVLGVVFGRGGSGWKPYYKLFIWLVVPTIYNLQHHVTDADKLSFNCENFFQAPQDYVLERVKRIMEKSVILSVISMFVLPIFTTVFFSRQKSGLFDSFTNGVLAVTNLLIISCIIFITFEFINIAFDAHMSIGCLHKGKLISNLSSTPMETLLSGLSADKPFTRLTAYQELAYRATSLDPSLRAPIYHSKFRSSSGNTWSLILNECLKTIQINNEKVVQYLRSVQDLGGSATARHKKKVENLDYMYENGKLTSANERLFGNRPSMMAPLRDNGLLDESPNRLRVRTDDSVLLNRGNKKRHRSSYYDNDLDETTQTFNGSIFTHETTFMTAMRLMLKKLKNSIMSFIFPSYAERQSSDESDNYRLLPNGSNKAQISIIDIWSISKKRQAEKLVPLPICHANSVVALTGLLIRSKTEDPKGGIIASVGDILKTLERSICALGEFADWDPESMAYTAFQTQRTAQDRVQQDSEDEDSMKDTTDMISVLYQLSTSAFMEIVLEYNVALNDVYLDADVAKLANWFLEVYASGNPNAT,0
Q8LJT8_NEG,MLKQFTHYCEMQAELIPEGPNGEGRLSNQNSNPNLLSSASISITQFPAKKPTRQWAAWTHQEEESFFTALRQVGKNFEKITSRVQSKNKDQVRHYYYRLVRRMNKLLGPDLSLDAKNPKDTNAAMLRWWSLLEKYSCKASKLHLKPRRFKLFIEALEHQLLKDRRKSIRKRTCQGENLSSASLGNISSHSRERGLDNRPFKLILSDGQNVKKLGPGRASTKHGESLSVNLGDEKEDTAFGRGGRQRRKQGYRKWEKAAIDGVSLVADAAEHLERTSIDKDMDDQTDLGPTRYLTGKSPLSLCSAGDVPLSDANMQFSAKLKLQLFPIDECTRRSLEMDKHNPHLELTLSNRKKISSVLEHLNRKWGSSSCATGELLLFPYNARKETVTCHQRWTHDSFLSAAEVHSMVGSPSVFRLRYGWFVHDASGSIISQVPTSDPCPSLEDDMNVDRLNEVNMLLTESGPLSVHSTAEQTTSVEPSQGLVCASGVHDRPARSRDDYEPASTSITPLEHLSGGNAQSPGEWADSLTNISIGDLLSEVPDDIDSDGVDPPATEGSHYLLRDVPFTSDSFDAAIAAHILRHQNKPSAQLPLTSGSSSLWDDEETRDAFSFQKNRFANSTELASVASPKGVGRVNGEPSQLVEASSGDEGSYNPHDDGDPMEEGPADPHTMDSPGKTPCGLADVYWPDSLGPLDLDIRSSKYTDDLILSESLGGLSRLIATSLDAFQNCSLFGFDNKKDKSNMV,0
Q9TT17_NEG,MVFGEFFHRPGPDEELVNLNVGGFKQSVDQSTLLRFPHTRLGKLLTCHSEEAILELCDDYSVADKEYYFDRNPSLFRYVLNFYYTGKLHVMEELCVFSFCQEIEYWGINELFIDSCCSNRYQERKEENHEKDWDQKSNDVSTDTSFEESSVFEKELEKFDQLRFGQLRKKIWIRMENPAYCLSAKLIAISSLSVVLASIVAMCVHSMSEFQNEDGEVDDPVLEGVEIACIAWFTGELAVRLVAAPCQKKFWKNPLNIIDFVSIIPFYATLAVDTKEEESEDIENMGKVVQILRLMRIFRILKLARHSVGLRSLGATLRHSYHEVGLLLLFLSVGISIFSVLIYSVEKDDHTSSLTSIPICWWWATISMTTVGYGDTHPVTLAGKLIASTCIICGILVVALPITIIFNKFSKYYQKQKDIDVDQCSEDPPEKCPELPYFNIRDLYAQRVHAFITSLSSVGIVVSDPDSTDASSIEDNEDVYNTASLENCTAK,0
P29547_NEG,MSQGTLYANFRIRTWVPRGLVKALKLDVKVVTPDAAAEQFARDFPLKKVPAFVGPKGYKLTEAMAINYYLVKLSQDDKMKTQLLGADDDLNAQAQIIRWQSLANSDLCIQIANTIVPLKGGAPYNKKSVDSAMDAVDKIVDIFENRLKNYTYLATENISLADLVAASIFTRYFESLFGTEWRAQHPAIVRWFNTVRASPFLKDEYKDFKFADKPLSPPQKKKEKKAPAAAPAASKKKEEAKPAATETETSSKKPKHPLELLGKSTFVLDDWKRKYSNEDTRPVALPWFWEHYNPEEYSLWKVTYKYNDELTLTFMSNNLVGGFFNRLSASTKYMFGCLVVYGENNNNGIVGAVMVRGQDYVPAFDVAPDWESYDYAKLDPTNDDDKEFINNMWAWDKPVSVNGEPKEIVDGKVLK,0
P29245_NEG,MKFFAVLALCIVGAIAHPLTSDEAALVKSSWAQVKHNEVDILYTVFKAYPDIQARFPQFAGKDLDSIKTSGQFATHATRIVSFFSELIALSGSESNLSAIYGLISKMGTDHKNRGITQTQFNEFRTALVSYISSNVSWGDNVAAAWTHALDNVYTAVFQIVTA,0
Q8R3K3_NEG,MATVFRPLERLRVPRPSLHPGVTGSGSACCRCTLGAKRYLLTDNIVKLKEFQHKKIAIAYNLPGTKEIYFRNLEEKLTQNKLILKEELKTLLYLCQSLEDVQLAKAVIYRYHAENKNFTLGEYKFGPVFMRLCYELDLEDSAVELVRDKHLQGFFLDSTSFNILMDMLFTKGKYERALQVLIEMKNQDVRFSKETYILAFAICYKLNTLESLKICTTLREEALIKGDIICRRAYCFVVALALNKNQLKNAVSIFSQIVNPESIVCINLNILIHIQSNMLESLLKILEDSLDTNLSKFVRRHTFSEEVLAKVREKLKDSPALIARFDEVYGKLHVNGQITVHSLDALLCHVPRDKRSNLLLLKKRAVSHRTLQPLSRSLLTE,0
Q9Y694_NEG,MGFEELLEQVGGFGPFQLRNVALLALPRVLLPLHFLLPIFLAAVPAHRCALPGAPANFSHQDVWLEAHLPREPDGTLSSCLRFAYPQALPNTTLGEERQSRGELEDEPATVPCSQGWEYDHSEFSSTIATESQWDLVCEQKGLNRAASTFFFAGVLVGAVAFGYLSDRFGRRRLLLVAYVSTLVLGLASAASVSYVMFAITRTLTGSALAGFTIIVMPLELEWLDVEHRTVAGVLSSTFWTGGVMLLALVGYLIRDWRWLLLAVTLPCAPGILSLWWVPESARWLLTQGHVKEAHRYLLHCARLNGRPVCEDSFSQEAVSKVAAGERVVRRPSYLDLFRTPRLRHISLCCVVVWFGVNFSYYGLSLDVSGLGLNVYQTQLLFGAVELPSKLLVYLSVRYAGRRLTQAGTLLGTALAFGTRLLVSSDMKSWSTVLAVMGKAFSEAAFTTAYLFTSELYPTVLRQTGMGLTALVGRLGGSLAPLAALLDGVWLSLPKLTYGGIALLAAGTALLLPETRQAQLPETIQDVERKSAPTSLQEEEMPMKQVQN,0
O97681_NEG,MGSLFRSETMCLAQLFLQSGTAYECLSVLGEKGLVEFRDLNQNVSSFQRKFVGEVKRCEELERILAYLVQEINRADIPLPEGDTSPPAPPLKQVLEMQEQLQKLEVELREVTKNKEKLRKNLLELIEYTHMLRVTKTFVKRNVEFEPTYEEFPPLENESLLDYSCMQRLGAKLGFVSGLINQGKVEAFEKMLWRVCKGYTIVTYAELDEPLEDPETGEVIKWYVFLISFWGEQIGHKVKKICDCYHCHVYPYPNTAEERREIQEGLNTRIQDLYTVLHKTEDYLRQVLCKAAESVYSRVIQVKKMKAIYHMLNMCSFDVTNKCLIAEVWCPEADLHELRRALEEGSRESGGTIPSFMNTIPTKETPPTLIRTNKFTEGFQNIVDAYGVGSYQEVNPALFTIITFPFLFAVMFGDFGHGFVMFLFALLLVLNENHPRLNQSQEIMRMFFNGRYILLLMGLFSVYTGLIYNDCFSKSVNLFGSRWNVSAMYSSSHSPEEQRKMVLWNDSIVRHHSVLQLDPSVPGVFRGPYPFGIDPIWNLATNRLTFLNSFKMKMSVILGITHMTFGVILGIFNHLHFRKKFNICLVSIPELLFMLCIFGYLIFMIIYKWLVYSAETSRTAPSILIEFISMFLFLASDTGGLYPGQEHVQRLLLLITVLSVPVLFLGKPLFLLWLHRGRSCFGVGRSGYTLVRKDSEEEVSLLGGQDIEEGNNQMEDGCREVTCEEFDFGEILMTQIIHSIEYCLGCISNTASYLRLWALSLAHAQLSEVLWAMLMHVGLRVDTAYGVLVLLPVIAFFAVLTIFILLIMEGLSAFLHAIRLHWVEFQNKFYVGAGTKFVPFSFRLLSSKFSDDLA,0
P20584_NEG,MKGTAASALLIALSATAAQARPVVDERFPYTGPAVPIGDWVDPTINGNGKGFPRLVEPPAVKPATANPRNNVNVISLSYIPKGMHIHYQTPFGLGQLPAVRWGKDPRNLKQHGAGLLSHFQDWSSGRSPGIVQRRRAERHGLHQRSRNTQAAGQGCPMRELPFAWPTEVTISYADELGIILVPTTGRSATTAPVLLFRVAYSGRVQEALARGEIPDQGEVVANRRRNFTAYQHPFRMPGPETGGVGNFWYSFDYGLAHFVSIDGETDFANSPEWNFAEDVTGNETLPSEAETFITDSGPFGNVNGSVHETKSYEQWHLAEAGSGEGRPQQDPVGLRHEPPPYVQFRLFLYQLHVREAFEGLLLSMAWMLTSLGDVCPFFKLVHHPLTLSSATSTGTSSLSSRATAPSILPPCEQQHLLCPQRQVHHPHHQRHGRQH,0
Q8W468_NEG,MEADDDFYSGTENYSDYADSDEDDADGEYEFVDDAADDSDDLIFRRRQQNYSVLSEADICKLQEDDISRISTVLSISRNSSAILLRHYNWCVSRVHDEWFADEEKVRDAVGLLEKPVVDFPTDGELDCGICFETFLSDKLHAAACGHPFCDSCWEGYITTAINDGPGCLTLRCPDPSCRAAVGQDMINLLAPDKDKQKYTSYFVRSYVEDNRKTKWCPAPGCDYAVNFVVGSGNYDVNCRCCYSFCWNCAEEAHRPVDCDTVSKWVLKNSAESENMNWILANSKPCPKCKRPIEKNQGCMHITCTPPCKFEFCWLCLGAWTEHGEKTGGFYACNRYEAAKQDGIYDETEKRREMAKNSLERYTHYYERWATNQSSRQKALLDLKKMQTDDIEKLSDIQCQPESQLKFIIEAWLQIVECRRVLKWTYAYGFYIPDQEHGKRVFFEYLQGEAESGLERLHQCAEKELLPYLDAKGPSEDFNEFRTKLAGLTSVTKNYFENLVRALENGLSDVNSHDAYDRTSSSKSLGGKTKGSSSKASSSDSSHWPCEYCTYVNPRSTTICQMCEHGR,0
P38157_NEG,MTLVKYACDYCRVRRVKCDGKKPCSRCIEHNFDCTYQQPLKKRGSKPIGTRSLKYIPKAKMFIDNKSCTAAAEILMKVPKKVIDQCLRLYHDNLYVIWPLLSYDDLHKLLDEEYNDHYVYWFLVALSAANLSDLQSELESEGGFSFTGKQLAVLCMSSRQQFDDLSGRDIFRIMTYYCLLRCFSQSSDVRNSYRLCREAIGLVIVAGLHREKAYESLSFREQQLLRKVYYLLLLTERYYSVYVHCVTSLDTTIAPPQPEFVTDPRLSLDSFFEMIRVFTVPGKCFFDALATESTSGSCTEDSLKKIWKELHTASLEIEPWSYGYVDISFSRHWIRALAWKLVFQMNGTKFFSNANNAHILVEIAKDMLDDIFLTPNNLYDVHGPGIPMKSLEVANALVDIVNKYDHNMKLEAWNILCDVSKFVFSLKHCNHKMFQRFSTKCQSALIDLPISRPLRLNDDSKDEDDIIP,0
Q5EFZ4_NEG,MGVCCSCFKRYEHDQSYPPLLAENEREAISSLLQYLENRSEVDFFTDGPLRALSTLVYSENIDLQRSAALAFAEVTEKDVRPVTRDVLEPILILLQSSDAEVQRAACAALGNLAVNDSNKVLIVNMGGLEPLIRQMMSPNIEVQCNAVGCITNLATQDQNKSKIATSGALIPLTKLAKSKDLRVQRNATGALLNMTHSLENRQELVNAGSVPILVQLLSSTDPDVQYYCTTALSNIAVDEGNRKKLASTEPKLISQLVQLMDSTSPRVQCQATLALRNLASDANYQLEIVRAGGLPNLVTLLNSTHQPLVLAAVACIRNISIHPLNEALIIDAGFLKPLVSLLDYNDNVEIQCHAVSTLRNLAASSERNRLALLESGAVEKCEKLVLNSPISVQSEISACFAILALADDLKMKLLDSNIIEVLLPLTSSENGEVCGNAAAALANLCSRIPDYTIILKNYEQISKFIAKFLNSQNPTFEHIALWTTLQLLESEDETIKAKLKKQINSGEISLNNLTTSTLNNHSDTSNIINNDGEEGEFNDGDDIINLTQQILEMIK,0
Q9SEZ9_NEG,MKQTDGRERKAYLSLLYFAVILLPVFLLGCYLYNEKQLRVGQFQEFNTHNLQEHITPLQQSKEDKDKKTDLVPLEFCDVFTGKWVLDNVTHPLYKEDECEFLSEWVACTRNGRPDSKYQKWRWQPQDCSLPRFDSKLLLEKLRGKKLMFIGDSIHYNQWQSMVCMVQSVIPSGKKTLKHTAQMSIFNIEEYNATISFYWAPFLVESNADPPDKRDGKTDPVIIPNSISKHGENWKDADYLIFNTYIWWTRHSTIKVLKQESFNKGDSKEYNEIGIYIVYKQVLSTWTKWLEQNINPSQTSIFFSSMSPTHIRSSDWGFNEGSKCEKETEPILNMSKPINVGTNRRLYEIALNATKSTKVPIHFLNITTMSEYRKDGHTSFYGSINGKLMTPEQKLDPRTFADCYHWCLPGLPDSWNELLSLYIIYKI,0
Q75BX3_NEG,MPIGKLRRSKAISFRGPASPSLKFKSFETLQGKPLGEMGQNGHKQEEDMAAQRPHFPAEAGAEQEMKCHVAETPAQNSQVPSTTMENGFYSFANISDNTTNKNTNRYSYLSDNTACQLLAPATGTDYYKSLTPTMKPITERQNHAGTTMSLDTIPTAENISFQITLPTVPPSVISSRSSLINRQRSLSMRYSSPSSMSSLGSTPTKLTTLKRSNAIRCKGGLLQFFSQYAVKTGKKLVKWKIALRKRLFKFQRRSTKNKKNSSPTTSHLKRVNGYVSNVRRSFSTQSRLALVPEIVRRTPSRRHLTANTGMKDATPASPSRTSIRRTPSSIKRAASTLSSNYVYRDGSDTSSQAPELKSTGSSLAPAPSQMVRSTALTSLNSIVRQPSIVVNNKVIPLSRFPGEKMQLPIREEDEEEEEPSTKTDDYVIDTSKRMSTIGEIQASRISSSSGSISSHSSSIQSSHFDDASNSCPLNDSIESDSDIECTRTAWNHFLRTVIAERIRMRLQLAKLQELALLKDDSLDILYAVLRKTLDEPADKSSSTYDPDIMPENNSETGLGNGFRSSDQLSRLKEGSRKRNTSSSTMLALPEALATVRRSITMPVGLNYI,0
A0A291PQH4_NEG,MEFRLLILALFSVLMSTSNGAEILALFPIHGISNYNVAEALLKTLANRGHNVTVVTSFPQKKPVPNLYEIDVSGAKGLATNSIHFERLQTIIQDVKSNFKNMVRLSRTYCEIMFSDPRVLNIRDKKFDLVINAVFGSDCDAGFAWKSQAPLISILNARHTPWALHRMGNPSNPAYMPVIHSRFPVKMNFFQRMINTGWHLYFLYMYFYYGNGEDANKMARKFFGNDMPDINEMVFNTSLLFVNTHFSVDMPYPLVPNCIEIGGIHVKEPQPLPLEIQKFMDEAEHGVIFFTLGSMVRTSTFPNQTIQAFKEAFAELPQRVLWKFENENEDMPSNVLIRKWFPQNDIFGHKNIKAFISHGGNSGALEAVHFGVPIIGIPLFYDQYRNILSFVKEGVAVLLDVNDLTKDNILSSVRTVVNDKSYSERMKALSQLFRDRPMSPLDTAVYWTEYVIRHRGAHHLKTAGAFLHWYQYLLLDVITFLLVTFCAFCFIVKYICKALIHHYWSSSKSEKLKKN,0
Q9LIR2_NEG,MDHEDVTRRAVEKKNKLASSLIHAPFAICGLCWAFVYQKLIYKQTYTDTHARNYKVPARFQLPDPLLTQILNHLPTEEAVKTSVLSTRWRTLWLWVHNLELSFSKFSSFNAFLSFGNWFFDSDRVSCIESLKLSLDGNDASYLKPWIDAFVKRKIQRLHVRLTQGCEMPLSLYRLVSSCPVLEELKIDVVWMDGRVYRVHSRSLKSFILTDLESDAKFDISLRFHKWVFNEAKTSTIHMFLAWISRVRDMTICAQTFKLIHHYSESVQLPQFGYMSSLYITLNASDLKWFPIFLRSIPNLKSLILVMERTGSSHQLSPKAIKRVSISSVPECLLSSLEFVEFKAPICGLAPEMMLVWYFLENSPTLKKLTLRLKSHSTKDDFVKKLLKIPRCSTECEVIFL,0
Q94ZJ2_NEG,MRLLKSNSLLRLVNSYLVDSPQPGNLSYMWNFGSLLAVCLVIQILTGCFLAMHYTAHVDLAFNSVEHIMRDVNNGWLIRYTHANVASFFFIFVYCHIARGLYYGSFKEPRTLTWSIGVIILILMMAIAFLGYVLPFGQMSLWGATVITNLMSAIPVYGQDIVELIWGGFSVSNATLNRFFSLHYILPFLLAALAVAHMIALHVHGSGNPNGLNAGDDRFPMHPYFIFKDLVTIFAFLLVLSIFVCFYPNALGHSDNYIPANPMVTPASIVPEWYLLPFYAILRSIPNKLLGVIAMFGSLLILLVLPLTDLSRVRGNQFRPLMKLSFWFFVVDFIILMWIGAEHPASPYLEVGQIATAFYFAWFVFIVPAVGLFENTMADINKL,0
Q6X2M0_NEG,MTTNLRKTHPLLKMINNSFIDLPTPSNISIWWNFGSLLGACLILQTITGLFLAMHYSSDISLAFSSVTHITRNVQYGWLIRNMHANGASLFFMCIYLHIGRGIYYGSYLYKETWNIGIMLLFTVMATAFMGYVLPWGQMSFWGATVITNLLSAMPYIGNTLVQWVWGGFSIDNATLTRFFTLHFLLPFSIMGLTIVHLMFLHETGSNNPTGLNSNIDKIPFHPYFSYKDALGLILMLTTLLTLTLFFPNLLGDPENFTPANPLSTPPHIKPEWYFLFAYAILRSIPNKLGGVLALLFSILILFLLPTLHTSKQRSMMFRPISQMLFWSLVADLLILTWIGAQPVEDPFIMIGQLASIMYFTILLILLPITSIIENKMLK,0
Q7T3C7_NEG,MLMCRRWLVCSLRCHYRSFSFSAARRTVMPAWVIDKYGKNDVLRFTKNAALPIIHYPNEVVVKVHAAGLNPIDISMRGGYGAATMAMKRDPLNISQSGGEFPLILGRDVSGEIMECGLDVKYFKPGDQVWAAIPPWKQGSLAEFVVVSGNEVSHKPKSLRHDEAASIPYVAATAWSAIVNTGGLNKDNSAKKRVLILGGSGGVGTFAIQMVKAWGAHVTVTCSQNAERLVRDLGADDVVDYTAGPVEKQLKNLEKFDLILDSIGGETEKWALDLLKPWSGAKFVTLITPFLQNTDRLGLADGMMQSAVTVGCKVVKNLRKGVHYRWGFFAPSGSALDEVSEMVDAGKVRPVVEEVFSFAQVPEAFQKVEQGHARGKTVVSIMEDQKE,0
Q11096_NEG,MTDICTICHNTPNRPVRLDCNHEFCYICIKGSIQNDMLNCAVCRRPFDSSIILNLSAQVCLKGDAPRDVDDDEEEVQDEEIDVKPDVNLLRAAMNANQNGNRELVAAAPHMNNNGNFHNAQGNYQVPTTSQGMVNQFGWPQFQAHSDFPYTLGYWGNQFPPFWNNAARNWGDVQQAANPVFAGNNQFLGNTQYNVFPPGQMGLPLPTTNIKMDIRDDEQNSVGGQQGMQTPTAGSDVPTAAQYNVQANFNVARVKFFWLYSSRGDGWWRFDQRCEKDIEDEFLANKPNMEMYLFGKPYILDFVAMRQWQKGNLDAWRQIKRVTSSEFDMHNVKGIAGCHVPNVWTVD,0
P11966_NEG,MAVVAVLVRKPLEQVSGLLRRRFHRTAPAALQVTVREAINQGMDEELERDEKVFLLGEEVAQYDGAYKVSRGLWKKYGDKRIIDTPISEMGFAGIAVGAAMAGLRPICEFMTFNFSMQAIDQVINSAAKTYYMSGGLQSVPIVFRGPNGASAGVAAQHSQCFAAWYGHCPGLKVVSPWSSEDAKGLIKSAIRDNNPVVVLENELMYGVPFELPSEAQSKDFLIPIGKAKIERQGTHVTIVAHSRPVGHCLEAATVLSKEGIECEVINLRTIRPMDIETIEGSVMKTNHLVTVEGGWPQFGVGAEICARIMEGPAFNFLDAPAVRVTGADVPMPYAKILEDNSVPQVKDIIFAIKKTLNI,0
Q29RH4_NEG,MAIPQASMGPSSLGQSGPGSMAPWCSVSSGPTRYVLGMQELFRGHSKTREFPAHSAKVHSVAWSCDGRRLASGSFDKTASVFLLEKDRLVKENNYRGHGDSVDQLCWHPSNPDLFVTASGDKTIRIWDVRTTKCIATVNTKGENINICWSPDGQTIAVGNKDDVVTFIDAKTHRSKAEEQFKFEVNEISWNNDNNMFFLTNGNGCINILSYPELKPVQSINAHPSNCICIKFDPMGKYFATGSADALVSLWDVDELVCVRCFSRLDWPVRTLSFSHDGKMLASASEDHFIDIAEVETGDKLWEVQCESPTFTVAWHPKRPLLAFACDDKDGKYDSSREAGTVKLFGLPNDS,0
Q5REH1_NEG,MFADLDYDIEEDKLGIPTVPGKVTLQKDAQNLIGISIGGGAQYCPCLYIVQVFDNTPAALDGTVAAGDEITGVNGRSIKGKTKVEVAKMIQEVKGEVTIHYNKLQADPKQGMSLDIVLKKVKHRLVENMSSGTADALGLSRAILCNDGLVKRLEELERTAELYKGMTEHTKNLLRAFYELSQTHRAFGDVFSVIGVREPQPAASEAFVKFADAHRSIEKFGIRLLKTIKPMLTDLNTYLNKAIPDTRLTIKKYLDVKFEYLSYCLKVKEMDDEEYSCIALGEPLYRVSTGNYEYRLILRCRQEARARFSQMRKDVLEKMELLDQKHVQDIVFQLQRLVSTMSKYYNDCYAVLRDADVFPIEVDLAHTTLAYGLNQEEFTDGEEEEEEEDTAAGEPARDTRGAAGPLDKGGSWCDS,0
Q75D00_NEG,MDSGEVAALVIDNGSGMCKAGFAGDDAPRAVFPSIVGRPRHQGIMVGMGQKDSYVGDEAQSKRGILTLRYPIEHGIVTNWDDMEKIWHHTFYNELRVAPEEHPVLLTEAPMNPKSNREKMTQIMFETFNVPAFYVSIQAVLSLYSSGRTTGIVLDSGDGVTHVVPIYAGFSLPHAILRIDLAGRDMTDYLMKILSERGYSFSTTAEREIVRDIKEKLCYVALDFEQEMQTAAQSSAIEKSYELPDGQVITIGNERFRAPEALFHPSVLGLEAAGIDQTTYNSIMKCDVDVRKELYGNIVMSGGTTMFPGIAERMQKEITALAPSSMKVKIIAPPERKYSVWIGGSILASLTTFQQMWISKQEYDESGPSIVHHKCF,0
T1T504_NEG,MSSRNAPSGCVAPSPATAAPPSPTNLRLTVGQSGSESANEPGGEPEERILQDGFWEYGRFYGNWKKGKYNFPIDKEETSRLDILHKYFIVETEDRVTSVPLDKEGSPKIMDLGTGTGIWAFHVVEGYIPNAQIMAVDLNQIQPALIPRGVTTKQFDLEEPSWEPLLRDCDLIHLRLLYGSIRDDLWADTYRKIFEHLAPGGYVEHLEIDWTPQWDGEDHPTHSAIREWSQQFHRAMHRYRRSVKVSSEDTKRMMEAAGFTEFKETKIRCYLNPWSTDRHQREAARWFNLALGLGLEAMSLMPMIDMLHMKQEDVVDLCKRVKAETCVLRYHAYFTLHTWTAKKPASPPQ,0
Q08118_NEG,MFIEYSRLPGFESINISFSRGMLRLAKFTNFATYKQKLEYFRLLAGSNKYIQRISVADFERHPDEINYIYIILISILQMEECMPVLVLCPTVYWVRFHWPGKCSVNSLNFTNETLKSAFHAVFTPYFALMKKVLGRIKNNMLLFAEPHANLNNLFVKHFHDLIYKSVKDEKTGEAILYLRTNVNVPNVFIDDKRAVFHGDGMKIGKFTGKFLCFSFKRTIRWSKLDSVDSFAVTTVNYRVSVNWEKTPRKTFLSLDSDTKNLHYISKKILNKKGKNATTSKTTKSSCTSENVCDDKTFSVEFPLTTSAKTEYLLRSNFSLEKINESNNPTLQELTLNRTHRLYRSNFRNEQSTTQRKFEKIGRTVSTDSGNKLLTFPEQKATRDSNPFSIELTHATVISSDESALKDTTNQAIAEMQRITPAIAKTISRRTANWVCSNPAPDPYGEPSTWSRILTPNLKIISESSPYYPVHLASPNSTFSRDQSVRSVVMRRSSVCVEKQNSFFRNYEHFKNILSRRTIKVKTSCPRLSVDVSDNKRENLSQEHLILPNKSREKVNRFKNCLHRVAEALRAAKENWDQHNPRNSIH,0
Q5QD24_NEG,MDLIYIPEDLSSCPKFGNKSCPPTNRSFRVRLIMYLLMTGAMVITIFGNLVIIISISHFKQLHSPTNFLILSMATTDFLLGFVIMPYSMVRSVESCWYFGDSFCKFHASFDMMLSLTSIFHLCSIAIDRFYAVCAPLHYTTTMTASMIKRLLFFCWAAPALFSFGLVLSEANVSGMQSYEILIACFNFCALTFNKFWGTILFTTCFFTPGSIMVGIYGKIFIVSRRHARALGNMPENTKGAGRNLSKKKDRKAAKTLGIVMGVFLACWLPCFLAVLIDPYLDYSTPIIVLDLLVWLGYFNSTCNPLIHGFFYPWFRKALEHIVSGKIFRSNSDTANLFPEAH,0
P33704_NEG,MAALQEKKSCSQRMEEFQRYCWNPDTGQMLGRTLSRWVWISLYYVAFYVVMTGIFALCIYTLMCTLDPYTPDYQDQLKSPGVTLRPDVYGEKGLDISYNVSDNRTWVDLVNILHNFLEGYSPTSQEDNINCTSEKYFFQDVFGAPNHTKFSCKFMADMLQNCSGLTDPNFGFAEGKPCFIIKMNRIVNFLPSNSTAPRADCTFLDQHKDDRPLQVEYYPPNGTFSLRYFPYYGKKAQPHYSNPLVAAKLLNVPRNTEVLIVCKILADYVTFDNPHDPYEGKVEFKLTIQQ,0
Q5ZKK1_NEG,MPGPTQALSPNGENNNDIIQDNGTTIIPFRKHTVRGERSYSWGMAVNVYSTSITQETMSRHDIIAWVNDILALNYTKVEQLCSGAAYCQFMDMLFPGCISLKKVKFQAKLEHEYIHNFKLLQASFKRMNVDKVIPVEKLVKGRFQDNLDFIQWFKKFFDANYDGKEYDPVEARQGQDALPPPDPGEQIFNLPKKSHHANSPTAGAAKSSPASKPGSTPSRPSSAKKAAPSSSASKSDKDLETQVIQLSEQVHSLKLALEGVEKERDFYFGKLREIELLCQEHGGENNDLVHRLMEVLYASEEHESHTEEHEGEEQVHEQPSSRRSTDSRSVSDNFHFV,0
B4F7E7_NEG,MTTSYMNGHVTEESDSGIKNLGLASPEEHPKHREMAVDCPGDLGTRLMPVRRSAQLERIRQQQEDMRRRREEEGKKQELDLNSSMRLKKLAQIPPKTGIDNPIFDTEEGIVLESPHYAVKILEVEDLFSSLKHIQHTLVDSQSQEDISLLLQLVQNRDFQNAFKIHNAVTVHMNKASPPFPLIANVQDLVQEVQTVLKPVHQKEGQELTALLNAPHIQALLLAHDKVAEQEMQLEPITDERVYESIGHYGGETVKIVRIEKARDIPLGATVRNEMDSVIISRIVKGGAAEKSGLLHEGDEVLEINGIEIRGKDVNEVFDLLSDMHGTLTFVLIPSQQIKPPPAKETVIHVKAHFDYDPSDDPYVPCRELGLSFQKGDILHVISQEDPNWWQAYREGDEDNQPLAGLVPGKSFQQQREAMKQTIEEDKEPEKSGKLWCAKKNKKKRKKVLYNANKNDDYDNEEILTYEEMSLYHQPANRKRPIILIGPQNCGQNELRQRLMNKEKDRFASAVPHTTRNRRDHEVAGRDYHFVSRQAFEADIAAGKFIEHGEFEKNLYGTSIDSVRQVINSGKICLLSLRAQSLKTLRNSDLKPYIIFIAPPSQERLRALLAKEGKNPKPEELREIIEKTREMEQNNGHYFDTAIVNSDLDKAYQELLRLINKLDTEPQWVPSTWLR,0
Q8R2Z5_NEG,MLFWTAFSMALSLRLALARSSIERGSTASDPQGDLLFLLDSSASVSHYEFSRVREFVGQLVATMSFGPGALRASLVHVGSQPHTEFTFDQYSSGQAIQDAIRVAPQRMGDTNTGLALAYAKEQLFAEEAGARPGVPKVLVWVTDGGSSDPVGPPMQELKDLGVTIFIVSTGRGNLLELLAAASAPAEKHLHFVDVDDLPIIARELRGSITDAMQPQQLHASEVLSSGFRLSWPPLLTADSGYYVLELVPSGKLATTRRQQLPGNATSWTWTDLDPDTDYEVSLLPESNVHLLRPQHVRVRTLQEEAGPERIVISHARPRSLRVSWAPALGPDSALGYHVQLGPLQGGSLERVEVPAGQNSTTVQGLTPCTTYLVTVTAAFRSGRQRALSAKACTASGARTRAPQSMRPEAGPREP,0
Q9BRK3_NEG,MALPSRILLWKLVLLQSSAVLLHSGSSVPAAAGSSVVSESAVSWEAGARAVLRCQSPRMVWTQDRLHDRQRVLHWDLRGPGGGPARRLLDLYSAGEQRVYEARDRGRLELSASAFDDGNFSLLIRAVEETDAGLYTCNLHHHYCHLYESLAVRLEVTDGPPATPAYWDGEKEVLAVARGAPALLTCVNRGHVWTDRHVEEAQQVVHWDRQPPGVPHDRADRLLDLYASGERRAYGPLFLRDRVAVGADAFERGDFSLRIEPLEVADEGTYSCHLHHHYCGLHERRVFHLTVAEPHAEPPPRGSPGNGSSHSGAPGPDPTLARGHNVINVIVPESRAHFFQQLGYVLATLLLFILLLVTVLLAARRRRGGYEYSDQKSGKSKGKDVNLAEFAVAAGDQMLYRSEDIQLDYKNNILKERAELAHSPLPAKYIDLDKGFRKENCK,0
Q6DK84_NEG,MEELDVDPAETPIPGLGQQNRHIGFSWGPGDLLLYETLYQKQGSETAARCPFMYLVRSDEDIYSPVLRKLFNESHSIFVGLQKSAEENAGKSRKAQLVQVSRNYRSVLRACMEEMHALSESTREPSQNTKYISQISILSAMELSWNLCEILFIESAPAGPLLILLLDWVRLHVCEVDNIVQDVLRSERPTEHEKFWDGVTGYVLQGRMNEARQLLAKEASSSVSARSMCRVLDDLLKKMPMLNTAGTQTLTEFELKWQHWREECERHLQNGTFSSNPHMEVVCRVLVGDEEVILEKRDLMTTWYHFLVSRLLFKHPTVKPTELHFYAQSSLDMFLAGNSSPEPLDNILLAAFEFDIHQVIKEFSIVSSNWWFVAHLTDLLDHCQLFQAHNLYFGANMREFLLLDYASGLFSHHSLWQLGVDYFDYCPNLGHVYLELHMERVPLNTEKKALKALRICEKRQMTEQVRSICKTMAMQSLCNGRLGSALSWSIRAKDAAFATLISDRFLKEYSERGNFTDLDLIDNLGSAMLLSDRLTFLGKYREFHRMYSQEQFSEAASLLLSLMTARIAPCSFWLTLLLDALPLLEQKQVIFSAEQTYELMRCLEDRMAAKLDSTSPDEIQKQDSVDSTKIEMLRLALARNLARAIVTEGALQE,0
Q9XT96_NEG,MLTFMASDSEEEVCDERTSLMSAESPTPRSCQDGRQGLEDGESAAQWRSQESEEDHEEEDPDRYVCSGVPGRPPGLEEELTLKYGAKHVIMLFVPVTLCMIVVVATIKSVRFYTEKNGQLIYTPFSEDTPSVGQRLLNSVLNTLIMISVIVTMTIFLVVLYKYRCYKFIHGWLIMSSLMLLFLFTYIYLGEVLKTYNVAMDYPTLFLTVWNFGAVGMVCIHWKGPLVLQQAYLIMISALMALVFIKYLPEWSAWVILGAISVYDLVAVLCPKGPLRMLVETAQERNEPIFPALIYSSAMVWTVGMAKLDPSSQGALQLPYDPEMEEDSYDSFGEPSYPDVFEPPLPGYPGEELEEEEERGVKLGLGDFIFYSVLVGKAAATGSGDWNTTLACFVAILIGLCLTLLLLAVFKKALPALPISITFGLIFYFSTDNLVRPFMDTLASHQLYI,0
Q9NQX3_NEG,MATEGMILTNHDHQIRVGVLTVSDSCFRNLAEDRSGINLKDLVQDPSLLGGTISAYKIVPDEIEEIKETLIDWCDEKELNLILTTGGTGFAPRDVTPEATKEVIEREAPGMALAMLMGSLNVTPLGMLSRPVCGIRGKTLIINLPGSKKGSQECFQFILPALPHAIDLLRDAIVKVKEVHDELEDLPSPPPPLSPPPTTSPHKQTEDKGVQCEEEEEEKKDSGVASTEDSSSSHITAAAIAAKIPDSIISRGVQVLPRDTASLSTTPSESPRAQATSRLSTASCPTPKVQSRCSSKENILRASHSAVDITKVARRHRMSPFPLTSMDKAFITVLEMTPVLGTEIINYRDGMGRVLAQDVYAKDNLPPFPASVKDGYAVRAADGPGDRFIIGESQAGEQPTQTVMPGQVMRVTTGAPIPCGADAVVQVEDTELIRESDDGTEELEVRILVQARPGQDIRPIGHDIKRGECVLAKGTHMGPSEIGLLATVGVTEVEVNKFPVVAVMSTGNELLNPEDDLLPGKIRDSNRSTLLATIQEHGYPTINLGIVGDNPDDLLNALNEGISRADVIITSGGVSMGEKDYLKQVLDIDLHAQIHFGRVFMKPGLPTTFATLDIDGVRKIIFALPGNPVSAVVTCNLFVVPALRKMQGILDPRPTIIKARLSCDVKLDPRPEYHRCILTWHHQEPLPWAQSTGNQMSSRLMSMRSANGLLMLPPKTEQYVELHKGEVVDVMVIGRL,0
F4J284_NEG,MANDQEMSGWTDLLHSSTKLLEQAAPSSQFPPLQRNLDQLEALSRKLKAKTLRNEAPSQSIAATRLLAREGINADQLSRDLKSFELKTTFEDVFPAETTSVEEYLQQVHEMAMVSAIQEAQKDNVRSFNNYMLKVLEEDCIKEKRDFLHSLSKTSMLPKTKMINSSRGSHAGSLVPLSPQVSSKPGTELVSMTNKPIHEKKAYVYAEVVKKLNSARERGLPFKLATLFNGAYESLEIDLTRGKSVNMQKLWQLIQGMTGEESAVQHGVSKRMALVIGARRHLECGHGKHIMDTIQSHPTQAALGGSVGNLQRIRAFLRIRLRDYGSLDFDSVDARRQPPVDTTWQQIYFCLRTGYYEEAREIAQSSRSSQQQFAPLLTEWITTGGTVAAQTAATASEECEKLLRMGDRFGQTTYDKKKLLLYTIISGSRRQIDRIMRDFSTLFNTIEDFLWFKLSCVRDVAGGSSSMIVNDGLVPYSLDDLQAYLNKFEPSYYTKNGKDPLVYPYVLLLSIQLLPAIMHMSNEAGDEGYNIDAVHVAISLVDHSILSEGSGTGRKLSVMDANAEASSMIRQYGSMYLHHGDLQMTLEYYAQAAIAVGGGQQAWSGRSNVDQQRQRNLMLKQLLTEILSQEDGIHFLLGARGSGEEGELGRFLPDIKLRQQFLIEAAHQFQEAGLYDKSIELQKRVGAFSSALETINKCLSEAICSLVRGRPDGESRTEGLVLSGNDILNSYKYHPDVSAQERHLVMEQETILRELEAILSIHKLARLNKHLDAIREVAKLPFLHLDPRQPDTTSDEFQKASSYFQTCVPDLLKVALTCLDNVADTDGSIRGMRSKIAGFLASNTQRNWPRDLYEKIARSF,0
P46669_NEG,MSQVKRANENRETARFIKKHKKQVTNPIDEKNGTSNCIVRVPIALYVSLAPMYLENPLQGVMKQHLNPLVMKYNNKVGGVVLGYEGLKILDADPLSKEDTSEKLIKITPDTPFGFTWCHVNLYVWQPQVGDVLEGYIFIQSASHIGLLIHDAFNASIKKNNIPVDWTFVHNDVEEDADVINTDENNGNNNNEDNKDSNGGSNSLGKFSFGNRSLGHWVDSNGEPIDGKLRFTVRNVHTTGRVVSVDGTLISDADEEGNGYNSSRSQAESLPIVSNKKIVFDDEVSIENKESHKELDLPEVKEDNGSEIVYEENTSESNDGESSDSD,0
Q2R0L2_NEG,MEKLSMVTSLLCAITVAVLAVAVVSGEAAVVEHTFVVHEMNATHLCNTTKIYVVNGQFPGPTVDVTEGDTVVVHVINKLPFGLTIHWHGVRQMRSCWADGAGFVTECPIPPGNEHTYRFNVTGQVGTLWWHAHVTCLRATINGAFIVRPRDGKYPFPTPAKDVPIIIGEWWELDLIELDRRMMDGNFDDNPLSATINGKLGDLSNCSRMVEESFILDVKHGESYLLRVINTALFSEYYFRVAGHTFTVVGADGNYLTPFKTDMVTVAPGEAIDVIMVADAPPAHYHMIALANQPPEPDPQIPVFTSRGLVRYAGTTANNNGLPVPMPIMPNQHNTMPSYYFHANLTGLAHPERHRVPMHVDERLFVTLGLGSICRGQNTTCKRRRSPETIVVATMNNVSFAHPKTTALLERYYDGTSKGVYTEDFPIRPPRPFNYTNRDLIPPGPLEEALEPTFKATKLKRFKYNTSVEIIFQSTTLMQSDSNPMHLHGYDVFLLAQGLGNFNAKRDVRKFNYHNPQLRNTVQVPRGGWAAIRFVTDNPGMWYLHCHFEFHIIMGMATAFIVEDGPTPETSLPPPPPEFKRCGNNGLSQP,0
Q9EPI1_NEG,YFSHRPKEKVRTDSNNENSVPKDFENVDNSNFAPRTQKQKHQPELAKKPLSRQKERLQRKLGAQDKGQGQSVLGKGPKEVLPPREKAPGNSSQGKDLSRHSHSRKSGGGGSPETKSDQVPKCDISGKEAISALTRAKSKHCRQEIAETYCRHKLGLLMPEKVARFCPLEGKANKNVQWDEDAVEYMPPNPVRIAFVLVVHGRASRQLQRMFKAIYHKDHFYYIHVDKRSNYLHRQVLQFSRQYDNVRVTSWRMATIWGGASLLSTYLQSMRDLLEMTDWPWDFFINLSAADYPIRTNDQLVAFLSRYRDMNFLKSHGRDNARFIRKQDLDRLFLECDTHMWRLGDRRIPEGIAVDGGSDWFLLNRKFVEYVAFSTDDLVTKMKQFYSYTLLPAESFFHTVLENSPHCDTMVDNNLRITNWNRKLGCKCQYKHIVDWCGCSPNDFKPQDFHRFQQTARPTFFARKFEAIVNQEIIGQLDSYLYGNYPAGTPGLRSYWENVYDEPDGIQSLSDVALTMYHSFIRLGLRRAESSLHTDGENSCRYYPMGHPASVHLYFLADRFQGFLIKHHVTNLAVSKLETLETWMMPKKVFKVASPPSDFGRLQFSEVGTDWDAKERLFRNFGGLLGPMDEPVGMQKWGKGPNVTVTVIWVDPVNVIAATYDILIESTAEFTHYKPPLNLPLRPGVWTVKILHHWVPVAETKFLVAPLTFSNKQPIKPEEALKLHNGPPRSAYMEQSFQSLNPVLSLHINPAQVEQARKNAAFTGTALEAWLVGGTWTAMDVCATGPTACPVMQTCSQTAWSSFSPDPKSELGAVKPDGRLR,0
Q33BX3_NEG,MIFSTLEHILTHISFSIVSIVITIHLITLLVDEIVKLYDSSEKGIIVTFFCITGLLVTRWISSGHFPLSDLYESLIFLSWSFSLIHIIPYFKKNVLILSKIIGPSAIFTQGFATSGILTEIHQSVILVPALQSEWLIMHVSMMILGYAALLCGSLLSVALLVITFRKNRQLFYKSNGFLNESFFLGENVLQNTYFFSAKNYYRSQLIQQLDYWSYRVISLGFTFLTIGILSGAVWANEAWGSYWNWDPKETWAFITWIVFAIYLHTRTNRNLRGANSAIVASIGFLIIWICYFGVNLLGIGLHSYGSFPSTFN,0
P51845_NEG,AADGYARARGVGACVVTFTVGGLSVLNAIAGAYSENLPLICIVGGPNSNDYGTNRILHHTIGLQDFSQEPRCFQTVTCYRAVVNNLEDAHELIDTAVSTALKESKPVYISIGCNLPGIPHPTFSREPVPFALSPRLSNMMGLEAAVEAAAEFLNKAVKPVLVGGPKMRVAKASDAFVELSDACGYAVAVMPSAKGLFPEHHSHFIGTYWGAVSTAFCAEIVESADAYLFAGPIFNDYSSVGYSLLLKKEKAIIVQPDRVTIGNGPAFGCVLMRDFLAALAKRLKHNPTAFENYHRIYVPEGHPLKCEPKEALRVNVLFQHIQNMLSGDSVVIAETGDSWFNCQKLKLPKGCGYEFQMQYGSIGWSVGATLGYAQAAPEKRVIACIGDGSFQVTAQDISTMLRCGQRTIIFLINNGGYT,0
Q8BU27_NEG,MSAGWFRRRFLPGGPLPEPRPAGPRSSPVPYHRPRFLRGSGSSPGATDASRRPDARPVRSPARGRTLPWNAGYAEVINAEKSEFNEDQAACGKLCIRRCEFGIEEDQEWLTVCPEEFLTGHYWALFDGHGGPAAAILAANTLHSCLRRQLEAVVEGMIAPQPPMHLSGRCVCPSDPQFVEEKGIQAEDLVIGALENAFQECDDVIGRELEASGQVGGCTALVAVFLQGKLYVANAGDSRAILVRRHEIRQLSSEFTPETERQRIQQLAFTYPELLAGEFTRLEFPRRLKGDDLGQKVLFRDHHMRGWSYKRVEKSDLKYPLIHGQGRQARLLGTLAVSRGLGDHQLRVLDTDIQLKPFLLSIPQVTVLDVHQLAVQEEDVVVMATDGLWDVLSNEQVALLVRSFLTGNQKDDPHRFSELAKMLIHNTQGKDNGATGEGQVSYDDVSVFVIPLHSQAQEGSGH,0
A0A482AQK7_NEG,MKNKYYPLRSSMDEMSAKNDNEIDLEKGPLPEYNSEDGSTLPPYSDLNNPKQMGQNITKLFNWNKSTTPPDYDENRLHITDEGNNPPNTHRENHSSGTADNSSPFLIKLLISFTPIVLLNAPAVCYLKYKDAFFKNYGAAEWTLFGFWCLVCTLALIFLTYFYETWTKAVKVTVIFLAQCVKVTVIFLAKCVKVTVIFLAKCVKVTAISLAKCIKVTAIFLAQCVKVTAVGLYNSREKWVVIIWLLWVVICYTLFLRSKFGNLNLNKALICSTCSISAALLLFLLYVRLPFWTLKHMFSGLFQVLGVQSCVVIVTKGLTYLFDKHIDATGYEIEASSLFVIGNFLFFYEMECPGALKRMPKFIRNGIASFLEGIGNIGNAIGRIGNAIGRIGNAFRGANDNNDIPLGEMEVESEV,0
B0XUC7_NEG,MCTTTDVVVLSSSPDQIRSCSLANPKCGAEKAFVLSPVSSSPSSLPSSSDLFQPPTRSRFFKPGGGNEGSSRTAREESETGTKQNDLAASRKKAAVRGGRQKRTKEQPPNESQTLFDNPEPPIPKHNGCTSKKGTGSRKKRIDAASKCTKSGSKKITGKVTKPGITETTKFENKTKIVTSDVSPGKSPANKLELEKDGLQIEVAMKRRLDWTPTKDTGKQAVALDDTGDNKTRFGELLSEYGFLKAAAVSQTDSKLSDGAPTKCRRLELVDTHNPSTSKRTSPDADSDRSNVRSTRSSRAPAAEGKSKKRSRKITTLTGRVTALYTKDCTDHLDAANTMIRASEDVSSKLLSKSLDLDSCVLAPGDAVDYLQDQDLIFGTCSQLEREDSPTMLRDMQKEICASKNSMIENRKPSSTTRAGSGLYSHTTVSRFQTQRDLWSVAARDMDGSLAEIEVLDMVDITDVSELPPKPNGELPDRSEKNDEDTVSQGESSRPIEITDDFGVEVDVRMEYLATSETKPEETAYAASEIRPMPRFADWKDSDLSRQVRLYGFKPMKNRRKMIEVLERCWKAQHSSTRTGVQYAPGKPDDGSTGKAGTIGSQMNKQSSKMDAAEKMRRESACLKEKAKSSTALEDKLSHATDRSSQMLTKSSFAHMEEIEDSEDEVIPSPSQLQSLYKRHISESRSSHPLPVSDTPSTPSSRTRTNADSDTKPSPSDSATESSLPDLASQITKAVRLQPRSFSVDCKRPSWHEKILMYDPIILEDFATWLNIEGLGLVHEDREVSAEFVRQWCESNGICCGFRKNSRRSER,0
Q6DR20_NEG,MMDWATLPKDLLDLISKCLESSFDLIQFRSVCSSWRSAAGPKRLLWAHNLPFFPSDDKPFLSNVILRVAHQSILLIKPNEPQCEADLFGWIVKVWDNIYVSRKMTLLKPLSSSRNYFPQHLPRIFDMSKFTVRELCREVKLYHPDYYCVPGHTALELELGKTVVKYLNDDKFVLLTILEYGKLAVFRSWDREWTVINDYIPSRCQDLIMFDGRFFAIDYNGRTVVVDYSSFKLTLAANPLIGGGDKKFLIESCGEMFLVDIEFCLNEKPEFTGGFYSYFNETTVSYKFKFFKLVEREKRWVEVEDLGDKMFFLGDDSTFSASTADIIPRCVGTGSFVFFYTHEESLVVMDDRNLGVFDFRSGKTELVNKLPEYAKLFWPPPPWITTSHESVENYTGETSSQSQS,0
Q9LXF2_NEG,MIRRQTNDRTTNRRRPKLWQNCKNIRTLKQIHASMVVNGLMSNLSVVGELIYSASLSVPGALKYAHKLFDEIPKPDVSICNHVLRGSAQSMKPEKTVSLYTEMEKRGVSPDRYTFTFVLKACSKLEWRSNGFAFHGKVVRHGFVLNEYVKNALILFHANCGDLGIASELFDDSAKAHKVAWSSMTSGYAKRGKIDEAMRLFDEMPYKDQVAWNVMITGCLKCKEMDSARELFDRFTEKDVVTWNAMISGYVNCGYPKEALGIFKEMRDAGEHPDVVTILSLLSACAVLGDLETGKRLHIYILETASVSSSIYVGTPIWNALIDMYAKCGSIDRAIEVFRGVKDRDLSTWNTLIVGLALHHAEGSIEMFEEMQRLKVWPNEVTFIGVILACSHSGRVDEGRKYFSLMRDMYNIEPNIKHYGCMVDMLGRAGQLEEAFMFVESMKIEPNAIVWRTLLGACKIYGNVELGKYANEKLLSMRKDESGDYVLLSNIYASTGQWDGVQKVRKMFDDTRVKKPTGVSLIEEDDDKLMMRYLLSSEPESRSRGRIN,0
Q4I5V2_NEG,MAFTNKSSYIALGCEGSANKLGIGVILHTPTETKILSNLRDTFVSPPGTGFLPKDTAAHHRAHFVRLAREALAEAKITPADVDCICYTKGPGMGAPLNSVAVAARALSLLWDRPLVGVNHCVGHIEMGRYITGAENPVVLYVSGGNSQVIAYAEQRYRIFGETLDIAVGNCLDRFARTLEISNDPAPGYNIEQLAKKGSKLLDIPYAVKGMDCSFSGILASADALAAQMKAGADFTPEDLCFSLQETVFAMLVEITERAMAHVGSSQVLIVGGVGCNERLQEMMGHMARERGGSVYATDERFCIDNGIMIAHAGLLAYETGFRTSLEESTCTQRFRTDEVFIKWRD,0
P53359_NEG,MGCASSAEERAAPSAQQADREKLKEDGIQAAKDIKLLLLGAGESGKSTIVKQMKIIHESGFTNEDFKQYRPVVYSNTIQSLVAILRAMPTLGITYANKDRESDGKMVFDVIQRMEDTEPFSEELLAAMKRLWADAGVQECFGRSNEYQLNDSAKYFLDDLDRLGARDYQPTEEDILRTRVKTTGIVEVHFSFKNLNFKLFDVGRGQRSERKKWIHCFEDVTAIIFCVAMSEYDQVLHEDETTNRMQESLKLFDSICNNKWFTDTSIILFLNKKDLFEEKIRKSPLTICFPEYTRAYQEYGEAAAYIRSQFEAKNNSTTKEIYCHMTATDTNNNQFVFDAVTDVIIANNLRGCGLY,0
Q8M700_NEG,MTNIRKSHPLMKIINNAFIDLPAPSNISSWWNFGSLLGICLILQILTGLFLAMHYTSDTTTAFSSVTHICRDVNYGWLIRYLHANGASMFFICLFIHVGRGLYYGSYMFLETWNIGVILLFTVMATAFMGYVLPWGQMSFWGATVITNLLSAIPYIGTDLVEWIWGGFSVDKATLTRFFAFHFILPFVITALAAVHLLFLHETGSNNPTGIPSDMDKIPFHPYYTIKDILGALFMMLILLILVLFSPDLLGDPDNYTPANPLNTPPHIKPEWYFLFAYAILRSIPNKLGGVLAVVTSILILILMPMLHTSKQRSMMFRPVSQCLFWMVVADLITLTWIGGQPVEHPLIIIGQLASILYFLIILVLMPITSIIENNLLKW,0
Q8NGB8_NEG,MNGMNHSVVSEFVFMGLTNSREIQLLLFVFSLLFYFASMMGNLVIVFTVTMDAHLHSPMYFLLANLSIIDMAFCSITAPKMICDIFKKHKAISFRGCITQIFFSHALGGTEMVLLIAMAFDRYMAICKPLHYLTIMSPRMCLYFLATSSIIGLIHSLVQLVFVVDLPFCGPNIFDSFYCDLPRLLRLACTNTQELEFMVTVNSGLISVGSFVLLVISYIFILFTVWKHSSGGLAKALSTLSAHVTVVILFFGPLMFFYTWPSPTSHLDKYLAIFDAFITPFLNPVIYTFRNKDMKVAMRRLCSRLAHFTKIL,0
Q99KR6_NEG,MKAGATSMWASCCGLLNEVMGTGAVRGQQAGFPGSTGPFRFTPSSDFPTYPPAATEGPNIVCKACGLSFSVFRKKHVCCDCKKDFCSLCSVSQENLRRCSTCHLLQETAFQRPQLMRLKVKDLRQYLLLRNIPTDTCREKEDLVDLVLCHRGLGSGDDLDSSSLNSSRSQTSSFFTQSLFSNYTPPSATVSSFQGELMDRDGAFRSEVLAQVQSEIASANTDDDDDDDDDDDDDEDDDDEQEEEEQNPGLSKKKARASLSDLSSLEEVEGMSVRQLKEILARNFVNYSGCCEKWELVEKVNRLYKENEENQKSYGERMQLQDEEDDSLCRICMDAVIDCVLLECGHMVTCTKCGKRMSECPICRQYVVRAVHVFKS,0
P12938_NEG,MELLAGTGLWPMAIFTVIFILLVDLMHRRQRWTSRYPPGPVPWPVLGNLLQVDLCNMPYSMYKLQNRYGDVFSLQMGWKPVVVINGLKAVQELLVTCGEDTADRPEMPIFQHIGYGHKAKGVVLAPYGPEWREQRRFSVSTLRNFGVGKKSLEQWVTDEASHLCDALTAEAGRPLDPYTLLNKAVCNVIASLIYARRFDYGDPDFIKVLKILKESMGEQTGLFPEVLNMFPVLLRIPGLADKVFPGQKTFLTMVDNLVTEHKKTWDPDQPPRDLTDAFLAEIEKAKGNPESSFNDANLRLVVNDLFGAGMVTTSITLTWALLLMILHPDVQCRVQQEIDEVIGQVRHPEMADQAHMPFTNAVIHEVQRFADIVPMNLPHKTSRDIEVQGFLIPKGTTLIPNLSSVLKDETVWEKPLRFHPEHFLDAQGNFVKHEAFMPFSAGRRACLGEPLARMELFLFFTCLLQRFSFSVPTGQPRPSDYGVFAFLLSPSPYQLCAFKR,0
Q11178_NEG,MLQPPTLTPNANGEEFRGSVSTDRSSASPSNIDEIMEDDVNQKDEDEDLNLVDRVSKLETNFVFIQHQLSSIMNHLHAPQCKCTTCSKVNQPGAEEQKNDTSVLSQLFPNASDQQLKTLLDLSKMNKLPSQVVHKDQQNGSSFLPSANKTSENPKPIELKPLKLGQGYQMANGGGGGKIHTERLSEPARKQSRKVGFPPPVASYYQRKESSNPLVPPTPLSSIPNLITNSNAVSANTSTASPGPSSEGSGDDHLEAPNEVAHMHSSTVPATPTTPGANLFTQSMVDMLKLNAQNAAHSTGSPGFLRGRGRGRPKLIGDELDADLVDYMVSLKNSDPHGGHFTASQALHMARQYILERAPGLLEEHGGHVKLKLTWAMKLVSRIGERQREIELGLPAGTLSNMGRNLTNIPAGGNFMADMMAQNIFSQHMMMVNQQLEGGSPPASSSSTATTSTATKTVKQESKNGHQNEENLNVKQEASTMPEIINIKELNLPFLNNFLAELNDNNSGLIDGEIGAAGPSMAALFAPNA,0
Q863Y9_NEG,MEQQDPIKKEGRLTPVLALATLIAAFGSSFQYGYNVAAVNSPAELMKAFYNETHYSRFSEYISEFSLTLLWSISVSMFPFGGFVGSLMVGPLVNRLGRKGTLLFNNIFSIVPAILMGTSKTARSYEMIILSRLLVGICAGLSSNVVPMYLGELSPKNLRGALGVVPQLFITVGILVAQIVGLRSLLATEEGWPILLGLTAIPAALQLLLLPFFPESPRYLLIQKKDAAAAKNALKRLRGWDDVDAEMEEIQLEDEAEKAAGIISVLTMFRMRSLRWQVISIIILMGGQQLSGVNAIYYYADQIYLSAGVKDQDVQYVTVGTGAVNVLMTICAVFVVEYLGRRALLLLGFSVCFIACCVLTVALALQDRVSWMPYISIVCVISYVIGHALGPSPIPALLITEVFLQSSRSAAYMVGGTVHWLSNFAVGLVFPFIQVGLGAYSFIIFAVICLLTTIYIFLIVPETKGKTFVEINHIFTKMNKVSDVHPAKDELKDIPLSAVEL,0
Q85PP0_NEG,MTNIRKSHPLIKIINESFIDLPAPSNISTWWNFGSLLGVCLILQILTGLFLAMHYTSDTATAFSSVTHICRDVNYGWIIRYMHANGASMFFICLFMHVGRGMYYGSHTFSETWNVGILLLFTVMATAFMGYVLPWGQMSFWGATVITNLLSAIPYIGTDLVEWIWGGFSVDKATLTRFFAFHFILPFIIAALAAVHLLFLHETGSNNPLGLTSDSDKIPFHPYYTIKDILGLLLLILMLMILVLFSPDLLGDPDNYTPANPLNTPPHIKPEWYFLFAYAILRSIPNKLGGVMALVLSILILAIVPLLHTSKQRGMMFRPLSQCLFWLLVADLLTLTWIGGQPVEYPFITIGQLASILYFFTILILMPISGMIENRLLKW,0
Q9MQY5_NEG,MTNIRKTHPLMKIVNSSFIDLPAPSNISSWWNFGSLLGICLILQILTGLFLAMHYTSDTMTAFSSVTHICRDVNYGWLIRYLHANGASMFFICLFMHVGRGLYYGSYLFMETWNIGVLLLFAVMATAFMGYVLPWGQMSFWGATVITNLLSAIPYIGTELVEWIWGGFSVDKATLTRFFAFHFIMPFIIAALAGVHLLFLHETGSNNPSGLSSDTDKIPFHPYYTIKDILGMLVLILMLSLLVLFSPDLLGDPDNYTPANPLNTPPHIKPEWYFLFAYAILRSIPNKLGGVLALVFSILILALIPFLHTSKQRSMMFRPMSQCLFWLLVADLLTLTWIGGQPVEHPFITIGQLASILYFLLILVLMPLTSLMENSMLKW,0
Q9SZD6_NEG,MATITPSSISNAWLIPGASFTVKKSDCSIKCSFSRKAGKQILSSTQRLVLPLSTSLRLFPTHGRQFVLHPHRRATGTDVVAAVEEQDSTPVVAEDKETVASEKSDAPAPTSQSRGTARPGRKSEMPAVKNEELVPGATFTGKVRAIQPFGAFVDFGAFTDGLVHVSQLSDNFVKDVSSVVTIGQEVKVRLVEADIESKRISLTMRENDDPPKRQSGGSDKPRSGGKRDGSKGGGQRKGEGFNSKFAKGQMLDGVVKNLTRSGAFITIGEGEEGFLPTAEEADDGIGSMMMGGSSLQAGQEVKVRVLRIARGRVTLTMKEEDDGKFDETTTQGVVHTATNPFMLAFRKNEEIAAFLDKREEEAEKPPVETPVEPEAEASVTSAEVEESVCVPAEVTSEEVPSSETPKVVEEEVIATKAEDDSPEKEEQTETLAAAAEAEEVVPPIPETKSEEEIVENSIPPNSATDEVSSPEALASEEVEKEQVVAETPVDEVKTPAPVVTEASSEESGNTATAESIKGISPALVKQLREETGAGMMDCKNALSESEGDMVKAQEYLRKKGLASADKKASRATSEGRIGAYIHDSRIGVLLEVNCETDFVSRGDIFKELVDDLAMQVAACPQVEYLVTEDVSEEIVKKEKEIEMQKEDLLSKPEQIREKIVDGRIKKRLDSLALLEQPYIKDDKVIVKDLVKQRIATIGENIKVKRFVRYTLGEGLEKKSQDFAAEVAAQTAAKPKAKEEPKAEEAKEAVASPPTTVVSAALVKQLREETGAGMMDCKKALAATGGDLEKAQEFLRKKGLSSADKKSSRLASEGRIGSYIHDSRIGVLIEVNCETDFVGRSEKFKELVDDLAMQAVANPQVQYVSIEDIPEEIKQKEKEIEMQREDLLSKPENIREKIVEGRISKRLGEWALLEQPYIKDDSVLVKDLVKQTVATLGENIKVRRFVKFTLGEDN,0
Q43872_NEG,MNAHMLNLLVIVIFVVSFDVQALSPHYYDHTCPQADHIVTNAVKKAMSNDQTVPAALLRMHFHDCFVRGCDGSVLLDSKGKNKAEKDGPPNISLHAFYVIDNAKKALEEQCPGIVSCADILSLAARDAVALSGGPTWAVPKGRKDGRISKAIETRQLPAPTFNISQLRQNFGQRGLSMHDLVALSGGHTLGFAHCSSFQNRLHKFNTQKEVDPTLNPSFAARLEGVCPAHNTVKNAGSNMDGTVTSFDNIYYKMLIQGKSLFSSDESLLAVPSTKKLVAKYANSNEEFERAFVKSMIKMSSISGNGNEVRLNCRRVR,0
Q2KHT4_NEG,MAKMELSKAFSGQRTLLSAILSMLSLSFSTTSLLSNYWFVGTQKVPKPLCEKGLAAKCFDMPVSLDGDTNTSTQEVVQYNWETGDDRFSFRSFRSGMWLSCEETVEEPALLHPQSWKQFRALRSSGTAAAKGERCRSFIELTPPAKREILWLSLGTQITYIGLQFISFLLLLTDLLLTGNPACGLKLSAFAAVSSVLSGLLGMVAHMMYSQVFQATVNLGPEDWRPHVWNYGWAFYMAWLSFTCCMASAVTTFNTYTRMVLEFKCKHSKSFKENPNCLPHHHQCFPRRLSSAAPTVGPLTSYHQYHNQPIHSVSEGVDFYSELRNKGFQRGASQELKEAVRSSVEEEQC,0
B2GV46_NEG,MDTSFFPGNHWLFFSVDLLVFLVGLPLNVMALVVFVNKLRRRPVAVDLLLLNLTISDLLLLLFLPFRIVEAACGMKWILPFIFCPLSGFLFFTTIYLTSLFLMTVSIERFLSVAYPLWYKTRPRLAQAGLVSGICWFLASAHCSVIYVTEYWGNATYSQGTNGTCYLEFREDQLAILLPVRLEMAVVLFMVPLCITSYCYSRLVWILSQGASRRRRKRVMGLLVATLLIFFVCFGPYNMSHVVGYVRGESPTWRSYVLLLSTLNSCIDPLVFYFSSSKFQADFHQLLSRLIRACVPWTQEVSLELKVKNGEEPSKECPS,0
Q9LYL3_NEG,MSEMEVEKPDLTLYNTMTQLKEVYKPMNPGKIGIYVCGITAYDYSHIGHARAAVSFDLLYRYLRHLGYQVTYVRNFTDVDDKAKNCGEKPLDLSNRFCEEYLLDMAALQCLLPTHQPRVSDHMEQIIKMIEKIIENGCGYAVGGDVFFSVDKSPSYGQLSGQRLDHTQAGKRVAVDSRKRNPADFALRKAAKSGEPSWESPWGHGRPGWHIEFDIHGGGADLKFPHHENEIAQTCAACEDSGVNYWLHNGHVTNNNVKMGKSLNNFFTIRQIAANYHPLALRHFLMSAQYRSPLNYSVSQLESSSDALYSLSPYREEMSGDVGKTQQSAEAKEMIKKVKNALKFINVSISKLKKMQKKQRMSLVVSLVEVEKAVREVLDVLGLLTTLSYGELLKDMKQKALTRAGMGEEEVLQRIEERNMARKSKDFRRSDRIRELLAFKGIFLEDVPGDTVWRPSTPLTKPKSGLGLGMTAIVFAIVFTFLGFFFYSR,0
Q7SCE9_NEG,MKFSIISVALASAITVDAHGYLTIPFSRTRLGAEAGLDTCPECSILEPVTAWPNVTEAKVGRSGPCGYNARVSIDYNQPATNWGNSPVVTYTAGDTVDVQWCVDHNGDHGGMFSYRICQDQELVNKFLTPGYLPTEAEKQAAEDCFEKGTLPCTDVNGQSCDFSPDCQQGQACWRNDWFTCNAFQADSRRGCQGVDNAALGSCFTTIAGGYTVTKKIKIPNYISGHTLLSFRWNSFQTAQVYLSCADIAIVGDSASTTKVSATATTLVTSSKTASASCTPAATVAVTFNHLASTSYGESIKIVGSISQLGSWSASSGVALSASQYTTSNPLWTATVSLPAGTKFEYKFVKVSSEGSAVTWESDPNRSYTVPQSCAESVAVESSWK,0
P79274_NEG,MATRLLRGSLRLWGGLCAPRLPTASRCSHSGGEERLESPSAKKLTDIGIRRIFSSEHDIFRESVRKFFQEEVIPHHAEWEKAGEVSRELWEKAGKQGLLGINIAERHGGIGGDLYSAAIVWEEQAYSNCTGPGFSLHSDIVMPYIANYGSEEQIKHFIPQMTAGKCIGAIAMTEPGAGSDLQGVRTNAKKDGSDWILNGSKVFITNGWLSDVVIVVAVTNREARSPAHGISLFLVENGMKGFVKGRKLHKIGLKAQDTAELFFEDVRLPASALLGEENKGFYYLMQELPQERLLIAELAVSASEFMFEETRNYVKQRKAFGKTVAHIQTVQHKLAELKTHICVTRAFVDSCLQLHETKRLESAAASMAKYWASELQNSVAYDCVQLHGGWGYMWEYPIARAYVDARVQPIYGGTNEIMKELIAREIVHDK,0
Q1DZE0_NEG,MMTPSQWKDDICTSQLAMVACAIFLLLPIFSPVVFATGLESHRNLQVPFVQPEDLGFLPQRSPQGHEFALRHIFHHGTYQYPLLHKRLDVNPETKIWVASEDGAKLEFSPHFRVSSQPSQIQRLTDRRVQVMEARLSAARTPEVFSTLSPPVWTIDELPGPNISDKTTVLNLAKMTANAYIMEPGAERWEDVSGPFNQSLSFGWEKDGLRGHIYADQTNSTIIIALKGTSAALFDGDETTTNDKINDNLFFSCCCGQGGQYFWRQVCDCYSSAYTCNSTCLVSALVTENRYYRASLDLYANVTDIYPNSTVWLAGHSLGGAVSSLLGLTYGLPVVTFEGVPEALPASRLGLPVPPGTDPNTPQAREYTGAYHFGHTADPVYMGTCNGATSFCTLAGYAMESACHTGQRCVYDTVGDLGWRVGIGTHRILNVISDVIERYEDVPTCVPDTECRDCALWKFFESNGSHPIPPSSSTTSPTRTRTSTCETPGWWGCLDKTTTTGTTTNVITTSTSTCKTPGWFGCKDPTTTSSVPSATPSPTPIITSISMPTPTSTTCETPGWFGGCNDPPTTATSKPNSSSPSTSTTCTRPGFFWGCWDPTSSSETPTAAFSSTATHTSCASKTWFGRSCTTPAPR,0
Q9PW38_NEG,MASEGMILTNHDHQIRVGVLTVSDSCFRNLAEDRSGINLKDLVQDPSLLGGTISAYKIVPDEIEEIKETLIDWCDEKELNLILTTGGTGFAPRDVTPEATKEVIEREAPGMALAMLMGSLNVTPLGMLSRPVCGIRGKTLIINLPGSKKGSQECFQFILPALPHAIDLLRDAIVKVKEVHDELEDLPSPPPPLSPPPTTSPHKQTEDKGVQCEEEEEEKKDSGVASTEDSSSSHITAAAIAAKIPDSIISRGVQVLPRDTASLSTTPSESPRAQATSRLSTASCPTPKVQSRCSSKENILRASHSAVDITKVARRHRMSPFPLTSMDKAFITVLEMTPVLGTEIINYRDGMGRVLAQDVYAKDNLPPFPASVKDGYAVRAADGPGDRFIIGESQAGEQPTQTVMPGQVMRVTTGAPIPCGADAVVQVEDTELIRESDDGTEELEVRILVQARPGQDIRPIGHDIKRGECVLAKGTHTGPSEVGLLATVGVTEVEVNKFPVVAVMSTGNELLNPEDDVLPGKIRDSNRSTLLATIQAHGYPTINLGIVGDNPDDLLNALNERISRADVIITSGGVSMGGKYYLKQVLDIDLHAQIHFGRVFMKPGLPTTFATLDIDGVRKIIFALPGQSVSAVVTCNLFVVPALRKMQGILDPRPTIIKARLSCDVKLDPRPEYHRCILTWHHQEPHPWAQSTGNQMSSRLMSMRSANGLLMLPPKTEQYVELHKGEVVDVMVIGRL,0
A6ZR27_NEG,MLSRTRAAAPNSRIFTRSLLRLYSQAPLRVPITLPNGFTYEQPTGLFINGEFVASKQKKTFDVINPSNEEKITTVYKAMEDDVDEAVAAAKKAFETKWSIVEPEVRAKALFNLADLVEKHQETLAAIESMDNGKSLFCARGDVALVSKYLRSCGGWADKIYGNVIDTGKNHFTYSIKEPLGVCGQIIPWNFPLLMWSWKIGPALATGNTVVLKPAETTPLSALFASQLCQEAGIPAGVVNILPGSGRVVGERLSAHPDVKKIAFTGSTATGRHIMKVAADTVKKVTLELGGKSPNIVFADADLDKAVKNIAFGIFYNSGEVCCAGSRIYIQDTVYEEVLQKLKDYTESLKVGDPFDEEVFQGAQTSDKQLHKILDYVDVAKSEGARLVTGGARHGSKGYFVKPTVFADVKEDMRIVKEEVFGPIVTVSKFSTVDEVIAMANDSQYGLAAGIHTNDINKAVDVSKRVKAGTVWINTYNNFHQNVPFGGFGQSGIGREMGEAALSNYTQTKSVRIAIDKPIR,0
Q7Y8L4_NEG,MTNIRKSHPLMKIINSSFIDLPAPSNISSWWNFGSLLGICLALQIMTGLFLAMHYTSDTATAFNSVTHICRDVNYGWILRYLHANGASMFFICLYLHVGRGLYYGSYLYKETWNIGVILLFAVMATAFMGYVLPWGQMSFWGATVITNLLSAIPYIGTNLVEWIWGGFSVDKATLTRFFAFHFLLPFVIAAMVMVHLLFLHETGSNNPTGIPSNADMIPFHPYYTIKDILGLLLMIMTLLMLVLFSPDMLGDPDNYTPANPLSTPPHIKPEWYFLFAYAILRSIPNKLGGVLALVLSILILIIIPLLHTSKQRSMAFRPLSQCLYWLLVADLLTLTWIGGQPVEYPFVIIGQLASILYFSIIIILMPLASLAENHLLKW,0
Q0VC65_NEG,MSETPAQCSIKQERISYTPPESPVPSYASSTPLHVPVPRALRMEEDSIRLPAHLRLQPMFWSRDDVAQWLKWAENEFSLRPIDSNTFEMNGKALLLLTKEDFRYRSPHSGDVLYELLQHILKQRKPRILFSPFFHPGNSIHTQQEVILHQNHEEDNGVQRTSRPSAENVHQNPPTIELLHRSRSPITTNHRPSPDPEQRPLRSPLDNMIRRLSPAERAQGPRLHQENNHQEPYPLSVSPMENNHCPPSSEPHPRPSSPRQEGTRVIQLMPSPIMHPLILNPRHSVDFKQPRLSEDGLHREGKPINLSHREDLAYMNHIMVSVSPPEEHAVPIGRIADCRLLWDYVYQLLSDSRYENFIRWEDKESKIFRIVDPNGLARLWGNHKNRTNMTYEKMSRALRHYYKLNIIRKEPGQRLLFRFMKTPDEIMSGRTDRLEHLESQELDEQIYQEDEC,0
A6QP70_NEG,MAAAAAATEQQSSNGPVKKSMREKAVERRNVNKEHNSNFKAGYIPIDEDRLHKTGLRGRKGNLAICVIVLLFILAVINLIITLVIWAVIRIGPNGCDSMEFHESGLLRFKQVSDMGVIHPLYKSTVGGRRNENLVITGNNQPIVFQQGTTKLSVGKNKTSITSDTGMQFFDPRTQNILFSTDYETHEFHLPSGVKSLNVQKASTERITSNATSDLNIKVGGRAIVRGNEGVFIMGKTIQFHMGGNMELKAENSIILNGTVMVSTNRLPSSSSGDQFGGDDWVRYKLCMCADGTLFRVQVTGQNMGCQTSDNPCGDLY,0
B8LWT1_NEG,MATLNTRGNDIALNILSSTTESSQAVVLSRARGSPNSQRAWLFGLGTLGIILASVLLNPFTSTQESPLNIDPTDYAARTKHILSTTPLIDGHNDLPYLIRTELKHQIYNDRFTFNTGLLSNTDRKKLRDGMVGGQFWSAYIHCPKDSETNKDVPLDEATWTLRDTLEQIDITKRFVDEFPDLFQFCSNSSCAREAFANGKIGSFIGIEGAHQIGNSLASLRQLYDLGARYITTTHNCDNVFGTAASTVSAGGEDKGLTLFGEEYVAEMNRLGMMLDLSHVSHETMRDTLRLSEAPVIFSHTGAYALSKTLRFAPDDVLKATAEKGGIIMITFINRFLRPDDPDAATIHDVVDHIWHVAQVAGWDHVGVGSDFDGTPVTPRGLEDVSKYPRLVELLMERGATDDQIRKFAGDNILRVWSEVEKAAERIQVEGRKPNEAIWEGRTWVRSEMSPPIMFRDSIGRRIPSYLGEP,0
Q8IYS0_NEG,MEGAPTVRQVMNEGDSSLATDLQEDVEENPSPTVEENNVVVKKQGPNLHNWSGDWSFWISSSTYKDRNEEYRRQFTHLPDTERLIADYACALQRDILLQGRLYLSENWLCFYSNIFRWETTISIALKNITFMTKEKTARLIPNAIQIVTESEKFFFTSFGARDRSYLSIFRLWQNVLLDKSLTRQEFWQLLQQNYGTELGLNAEEMENLSLSIEDVQPRSPGRSSLDDSGERDEKLSKSISFTSESISRVSETESFDGNSSKGGLGKEESQNEKQTKKSLLPTLEKKLTRVPSKSLDLNKNEYLSLDKSSTSDSVDEENVPEKDLHGRLFINRIFHISADRMFELLFTSSRFMQKFASSRNIIDVVSTPWTAELGGDQLRTMTYTIVLNSPLTGKCTAATEKQTLYKESREARFYLVDSEVLTHDVPYHDYFYTVNRYCIIRSSKQKCRLRVSTDLKYRKQPWGLVKSLIEKNSWSSLEDYFKQLESDLLIEESVLNQAIEDPGKLTGLRRRRRTFNRTAETVPKLSSQHSSGDVGLGAKGDITGKKKEMENYNVTLIVVMSIFVLLLVLLNVTLFLKLSKIEHAAQSFYRLRLQEEKSLNLASDMVSRAETIQKNKDQAHRLKGVLRDSIVMLEQLKSSLIMLQKTFDLLNKNKTGMAVES,0
P22687_NEG,ACPKGASYEAGIVCRITKPALLVLNQETAKVVQTAFQRAGYPDVSGERAVMLLGRVKYGLHNLQISHLSIASSQVELVDAKTIDVAIQNVSVVFKGTLNYSYTSAWGLGINQSVDFEIDSAIDLQINTELTCDAGSVRTNAPDCYLAFHKLLLHLQGEREPGWLKQLFTNFISFTLKLILKRQVCNEINTISNIMADFVQTRAASILSDGDIGVDISVTGAPVITATYLESHHKGHFTHKNVSEAFPLRAFPPGLLGDSRMLYFWFSDQVLNSLARAAFQEGRLVLSLTGDEFKKVLETQGFDTNQEIFQELSRGLPTGQAQVAVHCLKVPKISCQNRGVVVSSSVAVTFRFPRPDGREAVAYRFEEDIITTVQASYSQKKLFLHLLDFQCVPASGRAGSSANLSVALRTEAKAVSNLTESRSESLQSSLRSLIATVGIPEVMSRLEVAFTALMNSKGLDLFEIINPEIITLDGCLLLQMDFGFPKHLLVDFLQSLS,0
Q9U3N4_NEG,MASQVGAINSVNALISRVFVQPKGDLADRLNSRVTVVILAVSSALLLSSHFIGDPITCWTPAQFNAQWVNFVNQYCFVHGTYFVPLDQQLAFEEEERTKVSIQYYQWVPYVFALQAFLFYIPRFIWKAMIAYSGYDLAAAVKYVDRFWSENRDKDDKFKTRLAAFEGRPSVYIWDGIRLARKKRSRNMALFYTLSTVWQAVNAWIQFYILTQLLDSSIYTLWGPSILGDLLQGNDWQTTGHFPRIVHCDFNRRRPASVQLDTVLCVLTLNIYYEKLFIFLWFWLVFVAVVSTVNCFKWIYYLCNKTKAQKTIKNYLSTAPIKSTISDDQFFSALGEDGLFIMDQMALNLGDIPASYLTISMRNICQDFIESEDYIDEERTPFVKSIKHT,0
O17823_NEG,MFRKILSVLNPTVFVLSLCFQIILIYTIIRHSPKNLSTLKAILLTNCCFQLLQSSMVFFTQIQLVNHLVPIELWSYGPCRHFEAFMCYSMFHILQTSSLVSGLTVFLTTFMKYQAARHVRPSKKKNCFVILFISSIVLISAGCGILLVIIQALPLEIREKYYRINLELDEYSVIGIVDYSVLPSRVNGIIINGLVVIVPITCLLLRRKILKLLTASSDALYFQNRVFLQGLTLQIFGHTLVYVPIFICSTISLITKTEYTFAQFFIFVLPHLTTVIDPLLTMYFVTPYRKRLMVWLRLKNDKVHSVSPSTFAVSANH,0
Q8VCE1_NEG,MINTVCMKTTRILRLHLTNASLIPPGIKMLSDPRSRMISTHESQKLREYYRLLNLDEGCSVDDVRESFHKLARQYHPDSGSSDADSATFIKIEEAYRNVLSHAIKRMHAGQDKAEDAAEDEEEGKFKYNTPQHRHYLSFEGVGFGTPSQREKQYRQFRADRATEQVMEYQRQKLQREFFANSITVKDVRQSKQQKITQAIERLVEDLIQESMAKGDFDNLSGKGKPLKKFSGCSYIDPMTHNLNRILIDNGYQPEWILMQKEIKDTIEQLREALLMSRKKLGNPLSPTEQKQWAQVCEQFQEKIRKLNKRINDFNLIVPILTRQKVHFDAQKEIIRVQEMYGAFVEANEVTEENQTDVSQGEESKTPRVKAGFLNWLNLWKSIKI,0
Q19895_NEG,MAPNALSPVDIENMNDAAIEQVRLQVSDVIDPRYDTKWNMLRWLQSNDFNIPKTVHLLKKHLKWRKDRKLDEPESQSLLQFSDARRKHAPIDIIGPQRKEDGDRLVVVDRAGRIDVSGLMKSVQPTEYLHEMFRSFEEIQRRLMKMEAETGVQCYMHYIFDLEALNFDPTLLGVVNGPFRVSWQLVGQHYREFIDKFIVINSPSYINVLWSALSPFIPEQSKQRIVFAGSNWKEELLDIVDKECLPERYGGMIPDIQCLKPVDPIPKSLYWKLPAQYPTMDQLHKVSVSASKHRMLIYKVDKPDTELLMYSHNENDITITLYYSKNKNVSENDLELAVAPIPKCGLPAMDLFDYNCEYPGYYYIKLANEASWLLPSTYRIIVIEKESGKELEPLNLNEKWIKKGQKSKKK,0
Q6IRD0_NEG,MSFLSGFFGPICEIEVVLNDAETRKVSEIKTEEGKVEKHFLFYDGESVAGKVNIVFKQPGKRLEHHGIRIEFVGQIELFNDKSNTHEFVNLVKELALPGELTQSRNYDFEFMQVEKPYESYIGSNVRLRYFLKVTIVRRLTDLVKEYDLIVHQLATYPDVNNSIKMEVGIEDCLHIEFEYNKSKYHLKDVIVGKIYFLLVRIKIQHMELQLIKKEITGIGPSTTTETETVAKYEIMDGAPVKGESIPIRLFIAGYDPTPTMRDVNKKFSVRYFLNLVLVDEEDRRYFKQQEIVLWRKAPEKIKKRTNFHQRFEPQEPQASAEEPEI,0
Q2HJ33_NEG,MPPKKGGDGIKPPPIIGRFGTSLKIGIVGLPNVGKSTFFNVLTNSQASAENFPFCTIDPNESRVPVPDERFDFLCQYHKPASKIPAFLNVVDIAGLVKGAHNGQGLGNAFLSHISACDGIFHLTRAFEDDDITHVEGSVDPVRDIEIIHEELQLKDEEMVGPIIDKLEKVAVRGGDKKLKPEYDIMCKVKSWVIDQKKPVRFYHDWNDKEIEVLNKHLFLTSKPMVYLVNLSEKDYIRKKNKWLIKIKEWVDKYDPGALVIPFSGALELRLQELSAEERQKYLEANMTQSALPKIIKAGFAALQLEYFFTAGPDEVRAWTIRKGTKAPQAAGKIHTDFEKGFIMAEVMKYEDFKEEGSENAVKAAGKYRQQGRNYIVEDGDIIFFKFNTPQQPKKK,0
Q9Y5Y3_NEG,MACNSTSLEAYTYLLLNTSNASDSGSTQLPAPLRISLAIVMLLMTVVGFLGNTVVCIIVYQRPAMRSAINLLLATLAFSDIMLSLCCMPFTAVTLITVRWHFGDHFCRLSATLYWFFVLEGVAILLIISVDRFLIIVQRQDKLNPRRAKVIIAVSWVLSFCIAGPSLTGWTLVEVPARAPQCVLGYTELPADRAYVVTLVVAVFFAPFGVMLCAYMCILNTVRKNAVRVHNQSDSLDLRQLTRAGLRRLQRQQQVSVDLSFKTKAFTTILILFVGFSLCWLPHSVYSLLSVFSQRFYCGSSFYATSTCVLWLSYLKSVFNPIVYCWRIKKFREACIELLPQTFQILPKVPERIRRRIQPSTVYVCNENQSAV,0
Q9XT62_NEG,MNQVTDWVDPSFDDFLECRDISTITATSLGVNNSSHRRKNGPSTLESSKFPVRKRGNLSSLEQIYSLENSKESLSENEPWVDKYKPETQHELAVHKKKIEEVETWLKAQVLERQPKQGGSILLITGPPGCGKTTTIKVLSKEHGIQVQEWINPVLPDFQKDDFREIFNTESSFHMFPYQSQIAVFKEFLLRATKYNKLQMLGDDLRTDKKIILVEDLPNQFYRDSHTLHEVLRKYVRIGRCPLIFVISDSLSGDNNQRLLFPKEIQEECSISNISFNPVAPTIMMKFLNRIVTIEANKNGGKITVPDKTSLELLCQGCSGDIRSAINSLQFSSSKGENNLWPRKKGMSLKSDAVLSKSKRRKKPDRVFENQEVQAIGGKDVSLFLFRALGKILYCKRASLTELDSPRLPSHLSEYERDTLLVEPEEVVEMSHMPGDLFNLYLHQNYIDFFMDIDDIVRASEFLSFADILSGDWNTCSLLREYSTSIATRGVIHSNKARGYAHCQGGGSSFRPLHKPQWFLIYKKYRENCLAAKALFPDFCLPALCLQTQLLPYLALLTIPMRNQAQISFIQDIGRLPLKRHFGRLKMEALTDREHGMIDPDSGDEAQLNGRHSTEESLGEPTQASAPETWSLPLSQNSASELPASQPQPFSAQGDMEENIIIEDYESDGT,0
Q54UC2_NEG,MAMNLKNSSSGGNLTSSPSYNSFSSLNLSGNSFNNGSGSGSGSGSGSNEYIPLCFSKDVFTSNTFEVDQFISDCRKRVNLESVQKDLREYSKHLDSELIELINKEYQSFFSLSTSLVGFDTILNEFSISQSSIKSEIKSFNNEIVKVRGLVEDKLNEKKSIEQKKKLLQLYISISETLNNMNHLFDQLYQLTHPNDFKKINNNNNNHTNNETNINDGDVLELLIDRISNSFYQIQNQMSSLTNDELKFNIFQSLSLKIMDLSNKIEEKVEPIFKESLKRFINVNNNNKEIVDDNNEKQNKYDERILLVCLKTFQTIDKLNVPYKLFKTLIVKPRLAQIVSLRNLEINKSTTDGLSQIYNSIIEFLKNQCSSFFDISNLINNNLKEKQSNNNNNNNNNNNNNNNNNNNNQINNNSNNNNNNINNNNINNNYNNNIILYNNYNFISQSVLPEIDESLGFFKQIFATGIPDLFYKNYYLTFNFIQSIEVNFLTNKELLTQFRQSSSYSSLWKKWNFAVYFQLCFTNIAQHFEFNYLRIPLFDQLTLPTNNITNNNNNNNENNNEFYLKSTDGLRLSMDKCWSNSNFIFDLSSKFFKLFLQLIARYDTFISDTLIPLELELQQQLQQQQLQQQQQQQQQQQNIGDSVIKITPKSPPSLSNQSPISSSTTLNNKQSSPENFIYIISDIYKIKSKISTNYKELIIKTIGNHQNQHEILNLINDGILESCKTLEQLIPRISIIIENHLISKCLEPIEIISTLRSTYRMTNKPVPTKPSIYVSNLISPLEILINNKASSLHFIPPEIKLNWAISVLTPVTESFKNAATNLIQSVTQSNDIINKMVKKSKPTTTTSGGDMSDMDKISLQLYLDVDKFGLYIQKFGINLLTFEPFLGLKSIVEPFKKLILNQNK,0
Q03270_NEG,GCPQGSIGGPILWNLSMNGMLIELAGSGVSVCAFADDVAILAEGNTRKEVERVINEKMEIVYKWGEKMGVSVSEEKTVCMLLKGKYVTSNRAVRVSKTINVYKRIKYVSCFRYLGVNVTEGMGFGEHVRGMKVKVAKGVQKLKRVLRRDWGLRRAASHLVLRGTFLPQVSYCASAWYEVLKYEYGRNALSAAVRYVMYACLNVCRTVSTEAMQVLTGWLPWDLECLKRANVYKVRKGLSMNEMDVVKNEEVESSSVIKLERLVDERVYEIWQERWVVSMKGRVTARFIKDVKYAGRSRSFEPDRWVVNILTGHGTLNAFLHKRGLSESASCMCGDVSEDWEHVLCRCSMYESFRNLDEMGVTVCVNGEYEFTGVLSSNVTYGKMCEFINRAYEMRESVRRRLNLELDVNG,0
O65402_NEG,MAFTHVCLWTLVAFVLTWTVFYLTNMKKKATDLADTVAEDQKDGAADVIIVGAGVGGSALAYALAKDGRRVHVIERDMREPERMMGEFMQPGGRLMLSKLGLQDCLEDIDAQKATGLAVYKDGKEADAPFPVDNNNFSYEPSARSFHNGRFVQQLRRKAFSLSNVRLEEGTVKSLLEEKGVVKGVTYKNKEGEETTALAPLTVVCDGCYSNLRRSLNDDNNAEIMSYIVGYISKNCRLEEPEKLHLILSKPSFTMVYQISSTDVRCGFEVLPENFPSIANGEMSTFMKNTIVPQVPPKLRKIFLKGIDEGAHIKVVPAKRMTSTLSKKKGVIVLGDAFNMRHPVVASGMMVLLSDILILRRLLQPLSNLGDANKVSEVINSFYDIRKPMSATVNTLGNAFSQVLIGSTDEAKEAMRQGVYDYLCSGGFRTSGMMALLGGMNPRPLSLVYHLCAITLSSIGQLLSPFPSPLRIWHSLKLFGLAMKMLVPNLKAEGVSQMLFPANAAAYHKSYMAATTL,0
Q9SFC7_NEG,MASEKSFKKRKITDDVDGVGVGGGLESLPEDIIADIFSRLPISSIARLMFVCRSWRSVLTQHGRLSSSSSSPTKPCLLLHCDSPIRNGLHFLDLSEEEKRIKTKKFTLRFASSMPEFDVVGSCNGLLCLSDSLYNDSLYLYNPFTTNSLELPECSNKYHDQELVFGFGFHEMTKEYKVLKIVYFRGSSSNNNGIYRGRGRIQYKQSEVQILTLSSKTTDQSLSWRSLGKAPYKFVKRSSEALVNGRLHFVTRPRRHVPDRKFVSFDLEDEEFKEIPKPDCGGLNRTNHRLVNLKGCLCAVVYGNYGKLDIWVMKTYGVKESWGKEYSIGTYLPKGLKQNLDRPMWIWKNAENGKVVRVLCLLENGEILLEYKSRVLVAYDPKLGKFKDLLFHGLPNWFHTVVHAGTLSWFDTPLDLW,0
Q91WW7_NEG,MYDPERRWSLSFAGCGFLGFYHVGATLCLSERAPHLLRDARTFFGCSAGALHAVTFVCSLPLGRIMEILMDLVRKARSRNIGTLHPFFNINKCIRDGLQESLPDNVHQVISGKVHISLTRVSDGENVLVSEFHSKDEVVDALVCSCFIPLFSGLIPPSFRGERYVDGGVSDNVPVLDAKTTITVSPFYGEHDICPKVKSTNFFHVNITNLSLRLCTGNLQLLTRALFPSDVKVMGELCYQGYLDAFRFLEENGICNGPQRSLSLSLVAPEACLENGKLVGDKVPVSLCFTDENIWETLSPELSTALSEAIKDREGYLSKVCNLLPVRILSYIMLPCSLPVESAIAAVHRLVTWLPDIQDDIQWLQWATSQVCARMTMCLLPSTRSRASKDDHRMLKHGHHPSPHKPQGNSAGL,0
Q19427_NEG,MPTFRSNIVVFNLIARRAFTTTSTKNMGFVEKVRLLDYWKIQDSALQSEFPRSRLVLMVDRRLLVTKDQPDVQMVELSFDDLKQRLGEYGLQFDLSNSCLLDALSTDVDMIPLFGTSIDAADPPEDSPISKKEVLKQLGNSLGGRFTDIRMAMLTMREERQRNLLAKFQSLTKWASIYRRCPKCAAALKMRSSKSGAECVTCQRVYYPTFSPVSITLITDPTNEHALLVRHRGSAGGVFTAVAGFAHSGESMAECARREIAEEVGIEVDSIRSLDMSQPWPMPDSSLMIAHVAVAKIDQKISVCPDELETAQWFTRHQVKEALTTTLADPLLKNLPRTLDDRQTLHYIPPAGAIAHQMIRQWVDGKLENHNSRI,0
Q09285_NEG,MVAAAAADALAAGGDSSSPSDLYNKITGQQSSTTTSLSYAACDVITRHLISMLLEISNWTNDLAKYLAGSEQSSDDGHNERCLLFSSIFFAIDPSLALAQMSSVASKHALLIALGGFSIAALFVWYINKKDKDGRKKKKVGDVISNGLPKTATASDVQTENGNVKKANGHVNGDVQSSIGVSQKQQQKDEDEKTQKKDAVQNEKPSIDKKQPKSQAPTEKKEEKTVEIHTETEETDHVAAGDSGVVSEHKEHDKKTKQKNDEPVSIDKKSEEIEVPKQAGVVNEEPKKQSEETVVEEQFVKKEEPKLKSAPTPLLTMPSKKKVLENEQIPEEPTPTKMNDATSPLSLDIAAQMSPASFSWSEEMEKSFNEEEFRLNESSDIDRSPASPLRHLQQQHNKNRSSQKRKGGRVNGRDGVHQPQQQHQQQKKEEQGQIKKGQRRLTKEKSVEETPEKSQKRVVLKHHENEAGDAAHAQIIESPHHENASYEKSDSPGLDSQNSEASSQDSGRATGPLASPHEDGLTTEDDFLPMYEFEIPNSLVGLIIGVKGKTIKELSVRTNVRMLIRQHHETDKVKTHQICQVRGKRDEINHCLQMLRRRFPPARFPELNLQPVVPPVLPNSNFDMLSTQPTWLTLPEDIKCEVAVSSIISASHFFIQQPTHPSFASLRHLDMYMGSLYGEQSNLPELPIPCQNGLLCAAPVGNAWFRAVTVQYFDETDEVFVKFVDYGGYSKMARQDLRQIRTDLMSLPFQSTEVMLAHVRPVDGTTNWSDAAMQKFRAMCIGKVINCKMVGQSHDTRIPMVELYMMSKDGKDAQEVRFDQVLMNCGLARTADPSKMSRITVPAALDTESRMKRPSFSSQTSQTAVVC,0
Q4YVP3_NEG,MSKAGSDVSSISCSLSLDSDSCEDEYYETNLNKLIENTSLNWIFVGGKGGVGKTTTSCSIAIQLAKKRESVLLLSTDPAHNTSDAFNQKFTNKPTLINSFDNLYCMEIDTTFSEDTAFKINKSDFFNSIIPELLQSFPGIDEALCFAELMQSIKNMKYSVIVFDTAPTGHTLRLLAFPDLLKKALGYLINLKEKLKGTLSMLQSLTNNEMEFEGMYDKINHLNTMSISIQENFQNPLKTTFVCVCIPEFLSVYETERLIQELTKKNISCYNIVVNQVVFPLTSPDVNIEKCEKLLKQIKDTNIQNSFNSLILKAKELEDVYISRRKLQSKYLTQIKNLYGNYFHIVCMPQLKTEIRGLDKISNFSEMLLQSKDIPIYST,0
O35732_NEG,MAQSPVSAEVIHQVEECLDEDEKEMMLFLCRDVTENLAAPNVRDLLDSLSERGQLSFATLAELLYRVRRFDLLKRILKTDKATVEDHLRRNPHLVSDYRVLLMEIGESLDQNDVSSLVFLTRDYTGRGKIAKDKSFLDLVIELEKLNLIASDQLNLLEKCLKNIHRIDLNTKIQKYTQSSQGARSNMNTLQASLPKLSIKYNSRLQNGRSKEPRFVEYRDSQRTLVKTSIQESGAFLPPHIREETYRMQSKPLGICLIIDCIGNDTKYLQETFTSLGYHIQLFLFPKSHDITQIVRRYASMAQHQDYDSFACVLVSLGGSQSMMGRDQVHSGFSLDHVKNMFTGDTCPSLRGKPKLFFIQNYESLGSQLEDSSLEVDGPSIKNVDSKPLQPRHCTTHPEADIFWSLCTADVSHLEKPSSSSSVYLQKLSQQLKQGRRRPLVDLHVELMDKVYAWNSGVSSKEKYSLSLQHTLRKKLILAPT,0
Q57W26_NEG,MSTATSAPVVESMSDTVVCPQLSRHSTSLEELYTIGYNRSHSPSCFSSAGCEEEEGQKNVLAERYKTKLCKNFVQYGTCPYDIRCMFAHGEEELRTAEMNIMDGLVTKDAITSFQKLWHRAVSASSGSKHHSSHVANRRGVMTTATTTTTAGGSTDAAMHICRRMQRVVAAAAAAVPCGGRRVVSGSIRIRGCVRHNPYCHNILPTVSRYYSTMPDVFTRPYSKSDSCGNEAITEGNAWTYANEEGNEKETPAMISSGVPELTAWKRFNYVAERSQCTSVPEQNLPCADFAAIKESNNTGGNASGVDVENVDDAEHSTCSSVGNESGYFCRASRSASCGEQSQSHLKREGNEGRGEGLHMFLSL,0
Q0VC00_NEG,MQRLAMDLRMLSRELSHYLEHQVRVGFFGSGVGFSLILGFSVAYACYYLSSIAKKPQLVTGGESFSRFLQDHCPVVTETYYPTVWCWESRGQTLLRPFITSKPLVQYRNELIKTADGGQISLDWFDNDNSKHYMDASTRPTVLLLPGLTGTSKESYILHMIHLSEELGYRYVVFNNRGVAGENLLTPRTYCCSNTEDLETVIHHVHSLYPSAPFLAAGVSMGGMLLLNYLGKIGPKTPLKAAATFSVGWNTFACSESLEKPLNWLLFNYYLTTCLQSSVNKHRHMFVKQIDVDHVMKAKSIREFDKRFTSVMFGYRTIDDYYTDASPNRRLKSVGIPVLCLNSVDDVFSPSHAIPIETAKQNPNVALVLTSYGGHIGFLEGIWPRQSTYMDRVFKQFVQAMIEHGHELSSM,0
A0ST44_NEG,MADSLVLLTGATGFIGFRILVELLRQGYSVRAVIRSAAKGQWLESRLTAVMKGSDYKDRFQTTIVADFVTDGAFDQAAENTSYIIHVASPIVSSDNPDDWEHDFKRVAVKGSIGVLEAAKRSGTVRRVVITSSMVGLFSPKALFAEPSEVPLNAESRIPEMEPPYAHKMLAYQAGKIASINSAEAWIKHEKPAFDLIHMHPSFVTGRDDLATTREDLRKFSSNWHSMQIVLGHKNPIGKPILTCHNDDVARCHVSALDPKVAGNQSFLISCSPEDGSEWDNVKKIVQREFPEAVAQGVLPNDGHMPTVNKGVRFDVRKTEETFGFKHIPYEAQVLDVVKQYLELPEKDEGVEISTTA,0
Q5BJI7_NEG,MKKEGIEGTERFLSPGKGRGLKAIKHFKVGDLVFACPAYAYVLTVNERGGRCECCFTRKEGLSKCGKCKQAYYCNVECQRGDWPMHKLECSAMCAYGENWCPSETVRLVARIILKQKHQTERTPSERVLTLRELEAHLDKLDNEKNEMNDTDIAALHHFYSRHLDFPDNAALTELIAQVNCNGFTIEDEELSHLGSALFPDVALMNHSCSPNVIVTYKGTVAEVRAVQEINPEEEIFNSYIDLLYPTEDRIERLKDSYFFNCDCKECTSKSKDEAKMEIRQKLSIPPEEEEIKQMVIYARNVIEEFRRAKHYKTPSELLEICELSMEKMGAIFAETNVYMLHMMYQAMGVCLYMQDWDGAMKYGEKIIHPYSVHYPPYSLNVASMYLKLGRLYLGLEKRTQGVKALKKALAIMDIAHGKDHPYIDEIKKEMEEQT,0
A7MCS3_NEG,MKSLKMLYPLFMLLVLSSKIDLSNQDVIDNILMSLSKGITYFDMQGSNINLDGVVGYIILQAQLREATRTWPHSDFLSLSQRAAAISMLKRLSKSLSTAASTLQETDPKYFKEFEPILDSSFWSLPGEWSSTDPSLVYTSVRAMECYDEHMSDKCMTFLLGTWKDNGTPCIVTKTCRDTMTQFGCPHYSLSHQLLYFMIGTMKGCSKMLKGDLRLSRVNITVGHYKRIFCSNMMKSNQDIFKNSLTGQMQDIFIENILLCGLVGFSDFYKLDWLQSILTWQDQEAGCFGKEEDISHIFEEFLDAPHKRVKRREKTLTDGCSSHMTGVAVSALGGFLNFYLSEQDITKRPII,0
P27679_NEG,MENFPTEYFLNTSVRLLEYIRYRDSNYTREERIENLHYAYNKAAHHFAQPRQQQLLKVDPKRLQASLQTIVGMVVYSWAKVSKECMADLSIHYTYTLVLDDSSDDPYPAMMNYFNDLQAGREQAHPWWALVNEHFPNVLRHFGPFCSLNLIRSTLDFFEGCWIEQYNFGGFPGSHDYPQFLRRMNGLGHCVGASLWPKEQFDERGLFLEITSAIAQMENWMVWVNDLMSFYKEFDDERDQISLVKNYVVSDEITLHEALEKLTQDTLHSSKQMVAVFSEKDPQVMDTIECFMHGYVTWHLCDHRYRLNEIYEKVKGQKTEDAEKFCKFYEQAANVGAVSPSEWAYPPIAQLANIRTKDVKDLKDVKDLKEIQKPLLSSIELVE,0
Q5STE3_NEG,MKPGGFWPHLALLGVSLPAVLGWMDQGASRSPNMVPGESQAEETRGFEVTRREGLPSPGLSASCGKKLCSHGSRCLLNRTTGQPSCQCLEVCRPRYMPVCGSDGRLYGNHCELRRAACLLGKRIVSVHSKDCFLKGDMCTMAGYARLKNVLLALQSRRQPLPQGTPRQSLASQKRLLVESLFKDLDADGNGHLGSLELAQYVLKEQDMDGSLNRCSPSDLLRFDDYNSDGSLTLGEFYTAFQVIQLSLAPEDKVSVTTVTVGLSTVLTCAIRGDLRPPIIWKRNGLTLSFLGLEDINDFGEDGSLYITKVTTVHMGNYTCHALGHEQLVQTHVLQVNVPPVIRVYPETQAQEPGVAASLRCHAEGIPLPRIIWLKNGMDVSTQMSKQLSLLANGSELHIGSVRYEDTGAYTCIAKNEVGVDEDISSLFIEDSARKTLANILWREEGLSVGNMFYVFAEDGIVVIHPVDCEVQRRLKPTEKIFMSYEEICPRVEGDATQPCQWASAVNVRNRYIYVAQPALNRVLVVDVQAQKVLQSIGVDPLPVKLSYDKSHDQVWVLSWGDMHKSQPSLQVITEASTGQGQHLIRTPFAGVDNFFIPPTNLIINHIRFGFIFNKTDPAVHKVDLETLMALKTISLRHYGCMPQAMAHTHLGGYFFVQCQQDTPTSTGPQLLIDSVTDSVLGPNSDITGTPHVSPDGRFIVSVSNKGPWLHVQEVTVRGEIQTLYDLKINPGISDLAFQHSFTEGSQYNAYATLDKEPDLLFLELSTGKMGRLKNLKEPPRGPAPTWGGPRRVLRDSGLFGQYLLTPAQESLFLVNGRQNALRCEVSGIKGAATVVWVGEV,0
B3H6K1_NEG,MTFLLFQLLVLLRYSIGFHCKIDNNGVKSVTSKKNDDEKIVISRNWKAAISLDFIFIVFPMLLFFTVLSEWVYHGTGLLSLLVLILSVTAKRSFSGLQRGQSLSFRASVSSYRVALMLITCLCILAVDFTIFPRRYAKTETYGTSLMDLGVGSFVLANAVVSRQARDVSSGNWITGIKATAPLLLLGFIRLVTTSGVDYQVHVTEYGVHWNFFFTLAAISILTSFVNIPAKYCGLLGFAVLAGYQTWLLSGLNTYLLSDERGTDIISKNKEGVYSILGYWGMYLLGVHLGYRLFYGKHTNIRSTTSSIARVFLVSLLLWIVTILFDNYVERISRRTCNMPYVTWVLAQDLQALGIFMLSSYIPLNKLSSLEEAIDQNLLATFLLANLVTGMVNLTVDTIFASPFSSLLILTAYAFALSAIIGTIHFSGFRLKFW,0
Q08B36_NEG,MQNRRKAFYKLCPNAMPDLSNRLSKKQSKTEKKLHKNIFAHTGPVTIYVDPPSSAVDSALATIDWQDLVDCNSVIQQDAAGGAITQQQDHCLSGEPDFDLQEFRDAVDQFIADQPSLMQPSLGPPEFQLPACNVPVFEPCMTNPLQAQPEHLLPINVQTIPSTEQYWRDVADHNQKALGDALVENNQLQVSLTEKQEEIVSLKEKNIQLNELANQAKHLSSVLDKLMKERTKQNSGATQGRLPVKRSLEDFYPQSNEPDSTQVDEILREISKKCNIALMGSDLSERKRPRLEPMDSMDWQEEGVTEIKMCGAFHGLKTSTGLNSVNLGDTDLEDVSFRTSIKEHSTIRTLAFPQGNAFTIRTSGGGYKFRWVPN,0
Q00887_NEG,MGPLPAPSCTQRITWKGLLLTASLLNFWNPPTTAEVTIEAQPPKVSEGKDVLLLVHNLPQNLPGYFWYKGEMTDLYHYIISYIVDGKIIIYGPAYSGRETVYSNASLLIQNVTRKDAGTYTLHIIKRGDETREEIRHFTFTLYLETPKPYISSSNLNPREAMEAVRLICDPETLDASYLWWMNGQSLPVTHRLQLSKTNRTLYLFGVTKYIAGPYECEIRNPVSASRSDPVTLNLLPKLPIPYITINNLNPRENKDVLAFTCEPKSENYTYIWWLNGQSLPVSPGVKRPIENRILILPSVTRNETGPYQCEIRDRYGGLRSNPVILNVLYGPDLPRIYPSFTYYRSGENLDLSCFTESNPPAEYFWTINGKFQQSGQKLFIPQITRNHSGLYACSVHNSATGKEISKSMTVKVSGPCHGDLTESQS,0
Q611X0_NEG,MDKTNFPPPINHDFHVHKSSSLPIEEDVGDNAPGPKIVGIAPHVVDKMGSLIMAVNKYCKATTRVESPSKPRSAEEHIIEMADSFHGDIRRGLIRNLLRDLELTRVYRIQITGEHDYNGRISQTAVLVAIWRSLKSFEHPYDRTFGEDCIWSNAETFYAMVKDYNFESAAKLSVLGATIFDNELKYFYDEKMDEDIQNPKGFRTLSSVGMLAEYDFVFVSTNLHTPKYTPELFWDKENPKARFERVKENVHYPDDNFAHQMVYFSDRRVASTSIPPSPIVKLTHQGLHAVNRNESDLIGFEIQQGGFLVVLKKGVFLADHTWMIQIASKLVENDESNSLEEIYFHLLEPGKRSEEWKPNLLKYMDENHHATVSLKKKTVQFAEPIFFGLTSEEEPKNKPPSHNPKPRDPADRSLSNDDTFDTASTS,0
B0D316_NEG,MSSLVLKRFSSTFTAKPIPSKAHHHIPLPSSSFPSGYALTGIHAGVKKQAGVPDLSVILSTSEHPTSAAACFTRNAFKAAPVLVSDEVLKKNGGWAKAVVVNSGCANAVTGKQGMDDAWAMVKATDALLPPSAKFEHQTLVMSTGVIGQNLPISKILSGIRESKETLNSDFSAWERAAQAFMTTDTFPKLRSRVFKINGFEYRMAGMDKGAGMIHPNMGPATTFKPKQLHATLLGCILTDAAVSPKSLQDALTYAVDRSFNSISVDGDMSTNDSIYALANGAAKGPLIDEETDKEAYEVFKKELTDFATDLAQLVVRDGEGATKFVTVTVKGAPSYRDAHNIASRISTSALVKTALYGEDANWGRILAASGSVPLLPSSSTGEPLTIDPTKVSVTFIPSDGTSPLPVLVNGEPEVVDEVRAKEIMTLEDFEIFVNLGMSDDPEGEAKYWTCDFSYEYVRINGDYRS,0
Q05556_NEG,MLASGLLLAALLACLTVMILLSVWRQRKLWGKLPPGPTPLPFIGNYLQLNTEQMYDSLMKIRDRYGPVFTIHLGPRRIVVLCGQEAVKEALVDQAEDFSGRGEQATFDWLFKGYGVAFSTWERARPLRRFAISTLRDFGVGKRGIEERIQEEAGFLIEAFRDTRGAFIDPTFFLSRTVSNVISSIVFGDRFDYEDKEFLSLLRMMLGSFQFTATPTGQLYEMFYSVMKHLPGPQQQAFKELEGLRDFIAKKVERNQRTLDPNSPRDFIDSFLIRMQEEKKDPKSEFHMKNLVLTTLNLFFAGTETVSTTMRYGFLLLMKHPDVEAKVHEEIDRVIGRNRQPKFEDRAKMPYTEAVIHEIQRFTDMIPMGLARRVTRDTKFRDFLLPKGTEVFPMLGSVLKDPKFFSKPREFYPQHFLDEKGQFKKSDAFMPFSVGKRYCLGEGLARMELFLFFTTIMQNFRFRSQQAPQDIDVSPKHVGFATIPRTYTMSFVPR,0
Q5BQG9_NEG,MTNIRKSHPLMKIINNAFIDLPAPSNISSWWNFGSLLGICLILQILTGLFLAMHYTSDTTTAFSSVAHICRDVNYGWIIRYLHANGASMFFICLFIHVGRGLYYGSYMFLETWNIGVILLFTVMATAFMGYVLPWGQMSFWGATVITNLLSAIPYIGTDLVEWIWGGFSVDKATLTRFFAFHFILPFIITALAAVHLLFLHETGSNNPTGISSDMDKIPFHPYYTIKDILGALFMMLILLILVLFSPDLLGDPDNYTPANPLNTPPHIKPEWYFLFAYAILRSIPNKLGGVLALVASILILILMPMLHTSKQRSMMFRPLSQCLFWMLVADLITLTWIGGQPVEHPFIIIGQLASILYFLIILVLMPITSIIENNLLKW,0
Q84L14_NEG,MASLFKDPTKLSAYRDRRFTGTQEEYEAALQASVTVYVGNMSFYTTEEQAYELFSRAGEIRKIIMGLDKNSKTPCGFCFILYYSREDAEDAVKYISGTMLDDRPIRVDFDWGFEEGRQWGRGRSGGQVRDEYRTDYDPGRGGYGKMVQKELEAQRELVDYGGAFQPNAPPQYDRGDRKRGYGDSYRNDRDYQRKRYRNDERSSQRAPDSEFKRDAIDSEKNPRFREKGDSDEEDDDYDKRRRR,0
Q09313_NEG,MIESTTSHQDFQQRSMTGYALEHPSYRIRGALFRHQDDGRLLSGCGGDIEVIHALELERSQHTCLPVRVTNVVVFGSNDVVRLIQPIEGTEDVIVNGDYHVSIVQSVELFESSTVSKSRILKLPGKIIAVNAEKHSNTELLLVFLLETGIFHYSFCAHTSTHFQCIQAFRCNRPITSGLLWRDSGLLHVAYYDGFVRVGVVHEQYDDMLLVKRVAVNRNNLSVLLDVVFEEIGRIQKFEDTEKQRREDMLTTSKSLSDKLVAEEEVVEGDTTNDDFAKLKIEFKNQSIRCERVSQRLTSLRKLITIIKSALDMNDQIEQMISLLVDELSELEKLEQLCKEVERTGNQNLIGKSWIAVEEKQMVVEELIAKVNSDQIKKHSDVWEQKIDQIIDQLNGCSEAAKDMRLIISQNIFEHRGDKKDVFTHFVLDAQSRDITLYCLSGLTTMAIYPRKGKRVASISLDASFATCLTAACAMKSAEGVYVADQNNVFPTYFYRNRPKAGKGEKRYLDAGNQLQLPTFDSISSILVEPHQMILGSVTGGLLHLSFDFASNYEHFVVASSILAHPISSGSVNCIKLLATGESLLALHCTDTEIVVSEKDQERWHRVTHHTGGAHAIAVTPFSVDERGAFAVVASDTFVRLKVLQYAEESLIGLHDLGESRAEDENGHPIEVLNVSLDPSMQYRQLPCKLRYAVGFADKAIRTYVALLTGQHDFNVQEKFIAQIEPLFNVQNMICFHGRPMGCYVSCAKTLQIWNDLDRHQQKKLKSERMQLLKLSSSVTSMERAEGYLLLGFADDRLSIYEEKGNGAVDLVGTVDDWHKGLNDRIVMSLRTRASKTSCGTRLFIHSLTAHHIVIHTVLVTASKIEQHDFIVAHEHSMSQPIGFEFVSYKYFEFLVYGRGISNEKLSIEDRKRMDNFRDFEFN,0
O79672_NEG,MNLNRWLFSTNHKDIGTLYLIFGAWAGMIGTALSLLIRTELNQPGNLLGSDQTYNVIVTAHAFVMIFFMVMPVMIGGFGNWLVPLMIGAPDMAFPRLNNMSFWLLPPSLLLMLASSAIEAGAGTGWTVYPPLASNLAHAGASVDLAIFSLHLAGASSILGAINFITTVINMKTPNMSFLDMPLFVWSVLITAILLLLSLPVLAAGITMLLTDRNLNTTFFDPSGGGDPILYQHLFWFFGHPEVYILILPGFGIISHIVAYYSTKKEPFGYIGMVWAMTSIGFLGFIVWAHHMFTVGMNVNTRAYFTSATMIIAIPTGVKVFNWLATIHGGLIKWEAPMLWAFGFIFLFTVGGLTGIVLANSSLDIVLHDTYYVVAHFHYVLSMGAVFAIMAGFTHWFTLFTGYPLHSTWTKIHFTTMFIGVNLTFFPQHFLGLAGMPRRYSDYPDAYTLWNSISSMGSMISLTAVVMMTFIIWEAMSSKRSTTTTEQMSTNVEWTYLCPPPNHTHVEATHLIRP,0
Q8S8K9_NEG,MSTERRASSNPMTNEENAMFLDILHEAPLFGHRKSRSLVGSYLYMLLLAGYAILAAGAPWMFHRVQQLTPSLLCCCDVALLVVTGVFQQYFVYQVQKIRLQGYYSFSQKLKHVVRLPFAIAAYGTAAMLLVIVWRPQIHILSISSLQRIIMLVEAVGAGFFMGLYIGYVHQYNSVNSRPDVLKSLYSPLQPSSSMEGLRYYEGRLSDQQTALLQYQRENLHFLSEEILCLQEKLSKYEQSDDGSTPQVDLAHLLAARDQELRTLSAEMNQLQSELRLARSLIAERDAEVQRVNSTNNQYIEENERLRAILSEWSMRAANLERALEVERMSNSELQKEVASTRRKQMLETTTSEQP,0
Q08501_NEG,MSSALAYMLLVLSISLLNGQSPPGKPEIHKCRSPDKETFTCWWNPGSDGGLPTNYSLTYSKEGEKNTYECPDYKTSGPNSCFFSKQYTSIWKIYIITVNATNEMGSSTSDPLYVDVTYIVEPEPPRNLTLEVKQLKDKKTYLWVKWLPPTITDVKTGWFTMEYEIRLKSEEADEWEIHFTGHQTQFKVFDLYPGQKYLVQTRCKPDHGYWSRWGQEKSIEIPNDFTLKDTTVWIIVAVLSAVICLIMVWAVALKGYSMMTCIFPPVPGPKIKGFDTHLLEKGKSEELLSALGCQDFPPTSDCEDLLVEFLEVDDNEDERLMPSHSKEYPGQGVKPTHLDPDSDSGHGSYDSHSLLSEKCEEPQAYPPAFHIPEITEKPENPEANIPPTPNPQNNTPNCHTDTSKSTTWPLPPGQHTRRSPYHSIADVCKLAGSPGDTLDSFLDKAEENVLKLSEDAGEEEVAVQEGAKSFPSDKQNTSWPPLQEKGPIVYAKPPDYVEIHKVNKDGVLSLLPKQRENHQTENPGVPETSKEYAKVSGVTDNNILVLVPDSRAQNTALLEESAKKVPPSLEQNQSEKDLASFTATSSNCRLQLGRLDYLDPTCFMHSFH,0
